timestamp,roll_angle,steering_output,target_speed,p_term,i_term,d_term,error,stability_factor
0.005000,0.000,0.000000,5.000,0.000000,0.000000,0.000000,0.000,0.000
0.010000,45.000,-0.300000,3.000,-0.022500,-0.030411,-3995.265137,0.000,0.938
0.015000,45.000,-0.300000,3.000,-0.022500,-0.077256,-3995.265137,0.000,0.938
0.020000,45.000,-0.300000,3.000,-0.022500,-0.125199,-3995.265137,0.000,0.938
0.025000,45.000,-0.300000,3.000,-0.022500,-0.175311,-3995.265137,0.000,0.938
0.030000,45.000,-0.300000,3.000,-0.022500,-0.214182,-3995.265137,-45.000,0.938
0.035000,45.000,-0.278019,3.000,-0.022500,-0.255519,0.000000,-45.000,0.869
0.040000,45.000,-0.300000,3.000,-0.022500,-0.287046,0.000000,-45.000,0.938
0.045000,45.000,-0.300000,3.000,-0.022500,-0.326367,0.000000,-45.000,0.938
0.050000,45.000,-0.300000,3.000,-0.022500,-0.422991,0.000000,-45.000,0.938
0.055000,45.000,-0.300000,3.000,-0.022500,-0.458289,0.000000,-45.000,0.938
0.060000,45.000,-0.300000,3.000,-0.022500,-0.487818,0.000000,-45.000,0.938
0.065000,45.000,-0.300000,3.000,-0.022500,-0.520605,0.000000,-45.000,0.938
0.070000,45.000,-0.300000,3.000,-0.022500,-0.586530,0.000000,-45.000,0.938
0.075000,45.000,-0.300000,3.000,-0.022500,-0.610065,0.000000,-45.000,0.938
0.080000,45.000,-0.300000,3.000,-0.022500,-0.633177,0.000000,-45.000,0.938
0.085000,44.500,0.300000,3.000,-0.022250,-0.670005,36.254372,-45.000,0.938
0.090000,43.000,0.300000,3.000,-0.021500,-0.690671,223.529343,-45.000,0.938
0.095000,40.500,0.300000,3.000,-0.020250,-0.715732,465.940674,-45.000,0.938
0.100000,37.000,-0.300000,3.000,-0.018500,-0.803501,-102.226112,0.000,0.938
0.105000,32.500,0.300000,3.000,-0.016250,-0.831840,207.411667,0.000,0.938
0.110000,27.000,0.300000,3.000,-0.013500,-0.844951,886.992004,0.000,0.938
0.115000,20.500,0.300000,3.000,-0.010250,-0.852770,1909.551636,0.000,0.938
0.120000,12.999,0.300000,3.000,-0.006500,-0.857941,3040.783691,-37.000,0.938
0.125000,4.499,0.300000,3.000,-0.002250,-0.860865,3927.873047,-32.500,0.938
0.130000,-3.001,0.300000,3.000,0.001500,-0.859561,4654.156250,-27.000,0.938
0.135000,-9.001,0.300000,3.000,0.004500,-0.849439,4294.690430,-20.500,0.938
0.140000,-13.001,0.300000,3.000,0.006500,-0.843558,3802.634766,-12.999,0.938
0.145000,-15.001,0.300000,3.000,0.007500,-0.834122,2862.181152,-4.499,0.938
0.150000,-15.001,0.300000,3.000,0.007500,-0.827675,2077.318115,3.001,0.938
0.155000,-13.001,0.300000,3.000,0.006500,-0.823236,689.902832,9.001,0.938
0.160000,-9.001,-0.300000,3.000,0.004500,-0.818255,-63.893555,13.001,0.938
0.165000,-3.001,-0.300000,3.000,0.001500,-0.817005,-1458.535645,15.001,0.938
0.170000,4.499,-0.300000,3.000,-0.002250,-0.821223,-2129.370605,15.001,0.938
0.175000,12.999,-0.300000,3.000,-0.006500,-0.829532,-2927.249512,13.001,0.938
0.180000,20.500,-0.300000,3.000,-0.010250,-0.837810,-3690.179199,9.001,0.938
0.185000,27.000,-0.300000,3.000,-0.013500,-0.853367,-3933.352295,3.001,0.938
0.190000,32.500,-0.300000,3.000,-0.016250,-0.873777,-3594.698242,-4.499,0.938
0.195000,37.000,-0.300000,3.000,-0.018500,-0.899055,-3509.848145,-12.999,0.938
0.200000,40.500,-0.300000,3.000,-0.020250,-1.357796,-72.480682,0.000,0.938
0.205000,43.000,-0.300000,3.000,-0.021500,-1.425400,-167.891022,0.000,0.938
0.210000,44.500,-0.300000,3.000,-0.022250,-1.459007,-287.070496,0.000,0.938
0.215000,45.000,-0.300000,3.000,-0.022500,-1.489175,-331.826050,0.000,0.938
0.220000,45.000,-0.300000,3.000,-0.022500,-1.527488,-331.826050,-40.500,0.938
0.225000,45.000,-0.300000,3.000,-0.022500,-1.575233,-259.345398,-43.000,0.938
0.230000,45.000,-0.300000,3.000,-0.022500,-1.644065,-163.935028,-44.500,0.938
0.235000,45.000,-0.300000,3.000,-0.022500,-1.686923,-44.755547,-45.000,0.938
0.240000,45.000,-0.300000,3.000,-0.022500,-1.730555,0.000000,-45.000,0.938
0.245000,45.000,-0.300000,3.000,-0.022500,-1.774367,0.000000,-45.000,0.938
0.250000,45.000,-0.300000,3.000,-0.022500,-1.822049,0.000000,-45.000,0.938
0.255000,45.000,-0.300000,3.000,-0.022500,-1.873700,0.000000,-45.000,0.938
0.260000,45.000,-0.300000,3.000,-0.022500,-1.928078,0.000000,-45.000,0.938
0.265000,45.000,-0.300000,3.000,-0.022500,-1.978136,0.000000,-45.000,0.938
0.270000,45.000,-0.300000,3.000,-0.022500,-2.026799,0.000000,-45.000,0.938
0.275000,45.000,-0.300000,3.000,-0.022500,-2.081123,0.000000,-45.000,0.938
0.280000,45.000,-0.300000,3.000,-0.022500,-2.135609,0.000000,-45.000,0.938
0.285000,44.500,0.300000,3.000,-0.022250,-2.183874,27.663763,-45.000,0.938
0.290000,43.000,0.300000,3.000,-0.021500,-2.291992,63.459320,-45.000,0.938
0.295000,40.500,0.300000,3.000,-0.020250,-2.379229,133.099121,-45.000,0.938
0.300000,39.000,-0.300000,3.000,-0.019500,-2.269144,-40.217232,0.000,0.938
0.305000,38.500,-0.300000,3.000,-0.019250,-2.312279,-13.437401,0.000,0.938
0.310000,38.500,-0.300000,3.000,-0.019250,-2.363175,-13.437401,0.000,0.938
0.315000,38.500,-0.300000,3.000,-0.019250,-2.415350,-13.437401,0.000,0.938
0.320000,38.500,-0.300000,3.000,-0.019250,-2.463021,-13.437401,-39.000,0.938
0.325000,38.500,0.300000,3.000,-0.019250,-2.508758,26.779831,-38.500,0.938
0.330000,38.500,-0.300000,3.000,-0.019250,-2.552478,0.000000,-38.500,0.938
0.335000,39.000,-0.300000,3.000,-0.019500,-2.614418,-18.891903,-38.500,0.938
0.340000,40.500,-0.300000,3.000,-0.020250,-2.660004,-98.853119,-38.500,0.938
0.345000,43.000,-0.300000,3.000,-0.021500,-2.709205,-229.952682,-38.500,0.938
0.350000,44.500,-0.300000,3.000,-0.022250,-2.762355,-305.307983,-38.500,0.938
0.355000,45.000,-0.300000,3.000,-0.022500,-2.830863,-325.016357,-39.000,0.938
0.360000,45.000,-0.300000,3.000,-0.022500,-2.876232,-306.124481,-40.500,0.938
0.365000,45.000,-0.300000,3.000,-0.022500,-2.913780,-226.163269,-43.000,0.938
0.370000,45.000,-0.300000,3.000,-0.022500,-2.951166,-95.063721,-44.500,0.938
0.375000,45.000,-0.300000,3.000,-0.022500,-3.005679,-19.708435,-45.000,0.938
0.380000,45.000,-0.300000,3.000,-0.022500,-3.051732,0.000000,-45.000,0.938
0.385000,45.000,-0.300000,3.000,-0.022500,-3.087264,0.000000,-45.000,0.938
0.390000,45.000,-0.300000,3.000,-0.022500,-3.123183,0.000000,-45.000,0.938
0.395000,45.000,-0.300000,3.000,-0.022500,-3.158769,0.000000,-45.000,0.938
0.400000,45.000,-0.300000,3.000,-0.022500,-3.611403,-33.643436,0.000,0.938
0.405000,45.000,-0.300000,3.000,-0.022500,-3.638196,-33.643436,0.000,0.938
0.410000,45.000,-0.300000,3.000,-0.022500,-3.666627,-33.643436,0.000,0.938
0.415000,45.000,-0.300000,3.000,-0.022500,-3.701871,-33.643436,0.000,0.938
0.420000,45.000,-0.300000,3.000,-0.022500,-3.727449,-33.643436,-45.000,0.938
0.425000,45.000,-0.300000,3.000,-0.022500,-3.763071,0.000000,-45.000,0.938
0.430000,45.000,-0.300000,3.000,-0.022500,-3.799917,0.000000,-45.000,0.938
0.435000,45.000,-0.300000,3.000,-0.022500,-3.836277,0.000000,-45.000,0.938
0.440000,45.000,-0.300000,3.000,-0.022500,-3.873555,0.000000,-45.000,0.938
0.445000,45.000,-0.300000,3.000,-0.022500,-3.911472,0.000000,-45.000,0.938
0.450000,45.000,-0.300000,3.000,-0.022500,-3.949497,0.000000,-45.000,0.938
0.455000,45.000,-0.300000,3.000,-0.022500,-3.988988,0.000000,-45.000,0.938
0.460000,45.000,-0.300000,3.000,-0.022500,-4.027050,0.000000,-45.000,0.938
0.465000,45.000,-0.300000,3.000,-0.022500,-4.074533,0.000000,-45.000,0.938
0.470000,45.000,-0.300000,3.000,-0.022500,-4.124340,0.000000,-45.000,0.938
0.475000,45.000,-0.300000,3.000,-0.022500,-4.164443,0.000000,-45.000,0.938
0.480000,45.000,-0.300000,3.000,-0.022500,-4.225454,0.000000,-45.000,0.938
0.485000,45.000,-0.300000,3.000,-0.022500,-4.274162,0.000000,-45.000,0.938
0.490000,45.000,-0.300000,3.000,-0.022500,-4.331717,0.000000,-45.000,0.938
0.495000,45.000,-0.300000,3.000,-0.022500,-4.388553,0.000000,-45.000,0.938
0.500000,45.000,-0.300000,3.000,-0.022500,-4.448169,-27.314610,0.000,0.938
0.505000,45.000,-0.300000,3.000,-0.022500,-4.497453,-27.314610,0.000,0.938
0.510000,45.000,-0.300000,3.000,-0.022500,-4.554765,-27.314610,0.000,0.938
0.515000,45.000,-0.300000,3.000,-0.022500,-4.612203,-27.314610,0.000,0.938
0.520000,45.000,-0.300000,3.000,-0.022500,-4.670280,-27.314610,-45.000,0.938
0.525000,45.000,-0.300000,3.000,-0.022500,-4.738770,0.000000,-45.000,0.938
0.530000,45.000,-0.300000,3.000,-0.022500,-4.806972,0.000000,-45.000,0.938
0.535000,45.000,-0.300000,3.000,-0.022500,-4.875327,0.000000,-45.000,0.938
0.540000,45.000,-0.300000,3.000,-0.022500,-4.943943,0.000000,-45.000,0.938
0.545000,45.000,-0.300000,3.000,-0.022500,-5.008751,0.000000,-45.000,0.938
0.550000,45.000,-0.300000,3.000,-0.022500,-5.077349,0.000000,-45.000,0.938
0.555000,45.000,-0.300000,3.000,-0.022500,-5.218883,0.000000,-45.000,0.938
0.560000,45.000,-0.300000,3.000,-0.022500,-5.344622,0.000000,-45.000,0.938
0.565000,45.000,-0.300000,3.000,-0.022500,-5.401781,0.000000,-45.000,0.938
0.570000,45.000,-0.300000,3.000,-0.022500,-5.458508,0.000000,-45.000,0.938
0.575000,45.000,-0.300000,3.000,-0.022500,-5.515586,0.000000,-45.000,0.938
0.580000,45.000,-0.300000,3.000,-0.022500,-5.572565,0.000000,-45.000,0.938
0.585000,45.000,-0.300000,3.000,-0.022500,-5.630165,0.000000,-45.000,0.938
0.590000,45.000,-0.300000,3.000,-0.022500,-5.687018,0.000000,-45.000,0.938
0.595000,45.000,-0.300000,3.000,-0.022500,-5.734052,0.000000,-45.000,0.938
0.600000,45.000,-0.300000,3.000,-0.022500,-5.783229,-21.009026,0.000,0.938
0.605000,45.000,-0.300000,3.000,-0.022500,-5.825007,-21.009026,0.000,0.938
0.610000,45.000,-0.300000,3.000,-0.022500,-5.868711,-21.009026,0.000,0.938
0.615000,45.000,-0.300000,3.000,-0.022500,-5.915943,-21.009026,0.000,0.938
0.620000,45.000,-0.300000,3.000,-0.022500,-5.963715,-21.009026,-45.000,0.938
0.625000,45.000,-0.300000,3.000,-0.022500,-6.001677,0.000000,-45.000,0.938
0.630000,45.000,-0.300000,3.000,-0.022500,-6.038811,0.000000,-45.000,0.938
0.635000,45.000,-0.300000,3.000,-0.022500,-6.075675,0.000000,-45.000,0.938
0.640000,45.000,-0.300000,3.000,-0.022500,-6.112485,0.000000,-45.000,0.938
0.645000,45.000,-0.300000,3.000,-0.022500,-6.148827,0.000000,-45.000,0.938
0.650000,45.000,-0.300000,3.000,-0.022500,-6.185628,0.000000,-45.000,0.938
0.655000,45.000,-0.300000,3.000,-0.022500,-6.222546,0.000000,-45.000,0.938
0.660000,45.000,-0.300000,3.000,-0.022500,-6.248988,0.000000,-45.000,0.938
0.665000,45.000,-0.300000,3.000,-0.022500,-6.275871,0.000000,-45.000,0.938
0.670000,45.000,-0.300000,3.000,-0.022500,-6.303150,0.000000,-45.000,0.938
0.675000,45.000,-0.300000,3.000,-0.022500,-6.339996,0.000000,-45.000,0.938
0.680000,45.000,-0.300000,3.000,-0.022500,-6.367671,0.000000,-45.000,0.938
0.685000,45.000,-0.300000,3.000,-0.022500,-6.393141,0.000000,-45.000,0.938
0.690000,45.000,-0.300000,3.000,-0.022500,-6.420555,0.000000,-45.000,0.938
0.695000,45.000,-0.300000,3.000,-0.022500,-6.447978,0.000000,-45.000,0.938
0.700000,45.000,-0.300000,3.000,-0.022500,-6.476346,-18.760578,0.000,0.938
0.705000,45.000,-0.300000,3.000,-0.022500,-6.511230,-18.760578,0.000,0.938
0.710000,45.000,-0.300000,3.000,-0.022500,-6.549336,-18.760578,0.000,0.938
0.715000,45.000,-0.300000,3.000,-0.022500,-6.587181,-18.760578,0.000,0.938
0.720000,45.000,-0.300000,3.000,-0.022500,-6.625251,-18.760578,-45.000,0.938
0.725000,45.000,-0.300000,3.000,-0.022500,-6.663042,0.000000,-45.000,0.938
0.730000,45.000,-0.300000,3.000,-0.022500,-6.700860,0.000000,-45.000,0.938
0.735000,45.000,-0.300000,3.000,-0.022500,-6.738795,0.000000,-45.000,0.938
0.740000,45.000,-0.300000,3.000,-0.022500,-6.787098,0.000000,-45.000,0.938
0.745000,45.000,-0.300000,3.000,-0.022500,-6.834843,0.000000,-45.000,0.938
0.750000,45.000,-0.300000,3.000,-0.022500,-6.883110,0.000000,-45.000,0.938
0.755000,45.000,-0.300000,3.000,-0.022500,-6.928965,0.000000,-45.000,0.938
0.760000,45.000,-0.300000,3.000,-0.022500,-6.978060,0.000000,-45.000,0.938
0.765000,45.000,-0.300000,3.000,-0.022500,-7.027821,0.000000,-45.000,0.938
0.770000,45.000,-0.300000,3.000,-0.022500,-7.086375,0.000000,-45.000,0.938
0.775000,45.000,-0.300000,3.000,-0.022500,-7.145019,0.000000,-45.000,0.938
0.780000,45.000,-0.300000,3.000,-0.022500,-7.205112,0.000000,-45.000,0.938
0.785000,45.000,-0.300000,3.000,-0.022500,-7.263990,0.000000,-45.000,0.938
0.790000,45.000,-0.300000,3.000,-0.022500,-7.324227,0.000000,-45.000,0.938
0.795000,45.000,-0.300000,3.000,-0.022500,-7.384536,0.000000,-45.000,0.938
0.800000,45.000,-0.300000,3.000,-0.022500,-7.445943,-16.317612,0.000,0.938
0.805000,45.000,-0.300000,3.000,-0.022500,-7.505127,-16.317612,0.000,0.938
0.810000,45.000,-0.300000,3.000,-0.022500,-7.562214,-16.317612,0.000,0.938
0.815000,45.000,-0.300000,3.000,-0.022500,-7.632684,-16.317612,0.000,0.938
0.820000,45.000,-0.300000,3.000,-0.022500,-7.693893,-16.317612,-45.000,0.938
0.825000,45.000,-0.300000,3.000,-0.022500,-7.763751,0.000000,-45.000,0.938
0.830000,45.000,-0.300000,3.000,-0.022500,-7.829478,0.000000,-45.000,0.938
0.835000,45.000,-0.300000,3.000,-0.022500,-7.990488,0.000000,-45.000,0.938
0.840000,45.000,-0.300000,3.000,-0.022500,-8.134875,0.000000,-45.000,0.938
0.845000,45.000,-0.300000,3.000,-0.022500,-8.188956,0.000000,-45.000,0.938
0.850000,45.000,-0.300000,3.000,-0.022500,-8.247420,0.000000,-45.000,0.938
0.855000,45.000,-0.300000,3.000,-0.022500,-8.300106,0.000000,-45.000,0.938
0.860000,45.000,-0.300000,3.000,-0.022500,-8.358165,0.000000,-45.000,0.938
0.865000,45.000,-0.300000,3.000,-0.022500,-8.415485,0.000000,-45.000,0.938
0.870000,45.000,-0.300000,3.000,-0.022500,-8.473337,0.000000,-45.000,0.938
0.875000,45.000,-0.300000,3.000,-0.022500,-8.521937,0.000000,-45.000,0.938
0.880000,45.000,-0.300000,3.000,-0.022500,-8.570933,0.000000,-45.000,0.938
0.885000,45.000,-0.300000,3.000,-0.022500,-8.622260,0.000000,-45.000,0.938
0.890000,45.000,-0.300000,3.000,-0.022500,-8.662832,0.000000,-45.000,0.938
0.895000,45.000,-0.300000,3.000,-0.022500,-8.713925,0.000000,-45.000,0.938
0.900000,45.000,-0.300000,3.000,-0.022500,-8.754148,-13.879135,0.000,0.938
0.905000,45.000,-0.300000,3.000,-0.022500,-8.792748,-13.879135,0.000,0.938
0.910000,45.000,-0.300000,3.000,-0.022500,-8.831925,-13.879135,0.000,0.938
0.915000,45.000,-0.300000,3.000,-0.022500,-8.870392,-13.879135,0.000,0.938
0.920000,45.000,-0.300000,3.000,-0.022500,-8.910739,-13.879135,-45.000,0.938
0.925000,45.000,-0.300000,3.000,-0.022500,-8.949664,0.000000,-45.000,0.938
0.930000,45.000,-0.300000,3.000,-0.022500,-8.987680,0.000000,-45.000,0.938
0.935000,45.000,-0.300000,3.000,-0.022500,-9.025354,0.000000,-45.000,0.938
0.940000,45.000,-0.300000,3.000,-0.022500,-9.052759,0.000000,-45.000,0.938
0.945000,45.000,-0.300000,3.000,-0.022500,-9.080119,0.000000,-45.000,0.938
0.950000,45.000,-0.300000,3.000,-0.022500,-9.116947,0.000000,-45.000,0.938
0.955000,45.000,-0.300000,3.000,-0.022500,-9.144604,0.000000,-45.000,0.938
0.960000,45.000,-0.300000,3.000,-0.022500,-9.172260,0.000000,-45.000,0.938
0.965000,45.000,-0.300000,3.000,-0.022500,-9.199485,0.000000,-45.000,0.938
0.970000,45.000,-0.300000,3.000,-0.022500,-9.227727,0.000000,-45.000,0.938
0.975000,45.000,-0.300000,3.000,-0.022500,-9.255717,0.000000,-45.000,0.938
0.980000,45.000,-0.300000,3.000,-0.022500,-9.284580,0.000000,-45.000,0.938
0.985000,45.000,-0.300000,3.000,-0.022500,-9.324810,0.000000,-45.000,0.938
0.990000,45.000,-0.300000,3.000,-0.022500,-9.364086,0.000000,-45.000,0.938
0.995000,45.000,-0.300000,3.000,-0.022500,-9.402813,0.000000,-45.000,0.938
1.000000,45.000,-0.300000,3.000,-0.022500,0.000000,-12.866014,0.000,0.938
1.005000,45.000,-0.300000,3.000,-0.022500,-0.049473,-12.866014,0.000,0.938
1.010000,45.000,-0.300000,3.000,-0.022500,-0.125280,-12.866014,0.000,0.938
1.015000,45.000,-0.300000,3.000,-0.022500,-0.154089,-12.866014,0.000,0.938
1.020000,45.000,-0.300000,3.000,-0.022500,-0.192105,-12.866014,-45.000,0.938
1.025000,45.000,-0.262341,3.000,-0.022500,-0.239841,0.000000,-45.000,0.820
1.030000,45.000,-0.300000,3.000,-0.022500,-0.288963,0.000000,-45.000,0.938
1.035000,45.000,-0.300000,3.000,-0.022500,-0.337923,0.000000,-45.000,0.938
1.040000,45.000,-0.300000,3.000,-0.022500,-0.385830,0.000000,-45.000,0.938
1.045000,45.000,-0.300000,3.000,-0.022500,-0.434556,0.000000,-45.000,0.938
1.050000,45.000,-0.300000,3.000,-0.022500,-0.484074,0.000000,-45.000,0.938
1.055000,45.000,-0.300000,3.000,-0.022500,-0.533358,0.000000,-45.000,0.938
1.060000,45.000,-0.300000,3.000,-0.022500,-0.592344,0.000000,-45.000,0.938
1.065000,45.000,-0.300000,3.000,-0.022500,-0.651141,0.000000,-45.000,0.938
1.070000,45.000,-0.300000,3.000,-0.022500,-0.711333,0.000000,-45.000,0.938
1.075000,45.000,-0.300000,3.000,-0.022500,-0.770850,0.000000,-45.000,0.938
1.080000,45.000,-0.300000,3.000,-0.022500,-0.830961,0.000000,-45.000,0.938
1.085000,45.000,-0.300000,3.000,-0.022500,-0.891054,0.000000,-45.000,0.938
1.090000,45.000,-0.300000,3.000,-0.022500,-0.961623,0.000000,-45.000,0.938
1.095000,45.000,-0.300000,3.000,-0.022500,-1.021626,0.000000,-45.000,0.938
1.100000,45.000,-0.300000,3.000,-0.022500,0.000000,-11.532232,0.000,0.938
1.105000,45.000,-0.300000,3.000,-0.022500,-0.157527,-11.532232,0.000,0.938
1.110000,45.000,-0.300000,3.000,-0.022500,-0.323523,-11.532232,0.000,0.938
1.115000,45.000,-0.300000,3.000,-0.022500,-0.373626,-11.532232,0.000,0.938
1.120000,45.000,-0.300000,3.000,-0.022500,-0.431640,-11.532232,-45.000,0.938
1.125000,45.000,-0.300000,3.000,-0.022500,-0.485559,0.000000,-45.000,0.938
1.130000,45.000,-0.300000,3.000,-0.022500,-0.542979,0.000000,-45.000,0.938
1.135000,45.000,-0.300000,3.000,-0.022500,-0.592659,0.000000,-45.000,0.938
1.140000,45.000,-0.300000,3.000,-0.022500,-0.639585,0.000000,-45.000,0.938
1.145000,45.000,-0.300000,3.000,-0.022500,-0.685854,0.000000,-45.000,0.938
1.150000,45.000,-0.300000,3.000,-0.022500,-0.734049,0.000000,-45.000,0.938
1.155000,45.000,-0.300000,3.000,-0.022500,-0.780723,0.000000,-45.000,0.938
1.160000,45.000,-0.300000,3.000,-0.022500,-0.827469,0.000000,-45.000,0.938
1.165000,45.000,-0.300000,3.000,-0.022500,-0.874674,0.000000,-45.000,0.938
1.170000,45.000,-0.300000,3.000,-0.022500,-0.912015,0.000000,-45.000,0.938
1.175000,45.000,-0.300000,3.000,-0.022500,-0.949428,0.000000,-45.000,0.938
1.180000,45.000,-0.300000,3.000,-0.022500,-0.986499,0.000000,-45.000,0.938
1.185000,45.000,-0.300000,3.000,-0.022500,-1.023435,0.000000,-45.000,0.938
1.190000,45.000,-0.300000,3.000,-0.022500,-1.060137,0.000000,-45.000,0.938
1.195000,45.000,-0.300000,3.000,-0.022500,-1.097325,0.000000,-45.000,0.938
1.200000,45.000,-0.300000,3.000,-0.022500,0.000000,-10.411196,0.000,0.938
1.205000,45.000,-0.300000,3.000,-0.022500,-0.032778,-10.411196,0.000,0.938
1.210000,45.000,-0.300000,3.000,-0.022500,-0.060066,-10.411196,0.000,0.938
1.215000,45.000,-0.300000,3.000,-0.022500,-0.087012,-10.411196,0.000,0.938
1.220000,45.000,-0.300000,3.000,-0.022500,-0.114237,-10.411196,-45.000,0.938
1.225000,45.000,-0.173232,3.647,-0.022500,-0.150732,0.000000,-45.000,0.541
1.230000,45.000,-0.200205,3.436,-0.022500,-0.177705,0.000000,-45.000,0.626
1.235000,45.000,-0.227250,3.225,-0.022500,-0.204750,0.000000,-45.000,0.710
1.240000,45.000,-0.253953,3.016,-0.022500,-0.231453,0.000000,-45.000,0.794
1.245000,45.000,-0.280584,3.000,-0.022500,-0.258084,0.000000,-45.000,0.877
1.250000,45.000,-0.300000,3.000,-0.022500,-0.284805,0.000000,-45.000,0.938
1.255000,45.000,-0.300000,3.000,-0.022500,-0.311193,0.000000,-45.000,0.938
1.260000,45.000,-0.300000,3.000,-0.022500,-0.347877,0.000000,-45.000,0.938
1.265000,45.000,-0.300000,3.000,-0.022500,-0.385281,0.000000,-45.000,0.938
1.270000,45.000,-0.300000,3.000,-0.022500,-0.418986,0.000000,-45.000,0.938
1.275000,45.000,-0.300000,3.000,-0.022500,-0.455823,0.000000,-45.000,0.938
1.280000,45.000,-0.300000,3.000,-0.022500,-0.493920,0.000000,-45.000,0.938
1.285000,45.000,-0.300000,3.000,-0.022500,-0.531576,0.000000,-45.000,0.938
1.290000,45.000,-0.300000,3.000,-0.022500,-0.569313,0.000000,-45.000,0.938
1.295000,45.000,-0.300000,3.000,-0.022500,-0.617310,0.000000,-45.000,0.938
1.300000,45.000,-0.300000,3.000,-0.022500,0.000000,-9.849176,0.000,0.938
1.305000,45.000,-0.300000,3.000,-0.022500,-0.035784,-9.849176,0.000,0.938
1.310000,45.000,-0.300000,3.000,-0.022500,-0.085086,-9.849176,0.000,0.938
1.315000,45.000,-0.300000,3.000,-0.022500,-0.123948,-9.849176,0.000,0.938
1.320000,45.000,-0.300000,3.000,-0.022500,-0.172422,-9.849176,-45.000,0.938
1.325000,45.000,-0.253008,3.023,-0.022500,-0.230508,0.000000,-45.000,0.791
1.330000,45.000,-0.300000,3.000,-0.022500,-0.289044,0.000000,-45.000,0.938
1.335000,45.000,-0.300000,3.000,-0.022500,-0.347859,0.000000,-45.000,0.938
1.340000,45.000,-0.300000,3.000,-0.022500,-0.407763,0.000000,-45.000,0.938
1.345000,45.000,-0.300000,3.000,-0.022500,-0.467118,0.000000,-45.000,0.938
1.350000,45.000,-0.300000,3.000,-0.022500,-0.526590,0.000000,-45.000,0.938
1.355000,45.000,-0.300000,3.000,-0.022500,-0.586485,0.000000,-45.000,0.938
1.360000,45.000,-0.300000,3.000,-0.022500,-0.654111,0.000000,-45.000,0.938
1.365000,45.000,-0.300000,3.000,-0.022500,-0.718731,0.000000,-45.000,0.938
1.370000,45.000,-0.300000,3.000,-0.022500,-0.774189,0.000000,-45.000,0.938
1.375000,45.000,-0.300000,3.000,-0.022500,-0.834264,0.000000,-45.000,0.938
1.380000,45.000,-0.300000,3.000,-0.022500,-0.905130,0.000000,-45.000,0.938
1.385000,45.000,-0.300000,3.000,-0.022500,-1.065528,0.000000,-45.000,0.938
1.390000,45.000,-0.300000,3.000,-0.022500,-1.261395,0.000000,-45.000,0.938
1.395000,45.000,-0.300000,3.000,-0.022500,-1.329813,0.000000,-45.000,0.938
1.400000,45.000,-0.300000,3.000,-0.022500,0.000000,-8.852610,0.000,0.938
1.405000,45.000,-0.300000,3.000,-0.022500,-0.065205,-8.852610,0.000,0.938
1.410000,45.000,-0.300000,3.000,-0.022500,-0.114606,-8.852610,0.000,0.938
1.415000,45.000,-0.300000,3.000,-0.022500,-0.169173,-8.852610,0.000,0.938
1.420000,45.000,-0.300000,3.000,-0.022500,-0.224811,-8.852610,-45.000,0.938
1.425000,45.000,-0.300000,3.000,-0.022500,-0.282645,0.000000,-45.000,0.938
1.430000,45.000,-0.300000,3.000,-0.022500,-0.340416,0.000000,-45.000,0.938
1.435000,45.000,-0.300000,3.000,-0.022500,-0.388026,0.000000,-45.000,0.938
1.440000,45.000,-0.300000,3.000,-0.022500,-0.436140,0.000000,-45.000,0.938
1.445000,45.000,-0.300000,3.000,-0.022500,-0.484452,0.000000,-45.000,0.938
1.450000,45.000,-0.300000,3.000,-0.022500,-0.529443,0.000000,-45.000,0.938
1.455000,45.000,-0.300000,3.000,-0.022500,-0.577170,0.000000,-45.000,0.938
1.460000,45.000,-0.300000,3.000,-0.022500,-0.625221,0.000000,-45.000,0.938
1.465000,45.000,-0.300000,3.000,-0.022500,-0.663057,0.000000,-45.000,0.938
1.470000,45.000,-0.300000,3.000,-0.022500,-0.701163,0.000000,-45.000,0.938
1.475000,45.000,-0.300000,3.000,-0.022500,-0.739017,0.000000,-45.000,0.938
1.480000,45.000,-0.300000,3.000,-0.022500,-0.777636,0.000000,-45.000,0.938
1.485000,45.000,-0.300000,3.000,-0.022500,-0.816075,0.000000,-45.000,0.938
1.490000,45.000,-0.300000,3.000,-0.022500,-0.856683,0.000000,-45.000,0.938
1.495000,45.000,-0.300000,3.000,-0.022500,-0.885285,0.000000,-45.000,0.938
1.500000,45.000,-0.300000,3.000,-0.022500,0.000000,-8.299383,0.000,0.938
1.505000,45.000,-0.300000,3.000,-0.022500,-0.040725,-8.299383,0.000,0.938
1.510000,45.000,-0.300000,3.000,-0.022500,-0.070065,-8.299383,0.000,0.938
1.515000,45.000,-0.300000,3.000,-0.022500,-0.098856,-8.299383,0.000,0.938
1.520000,45.000,-0.300000,3.000,-0.022500,-0.138042,-8.299383,-45.000,0.938
1.525000,45.000,-0.180477,3.590,-0.022500,-0.157977,0.000000,-45.000,0.564
1.530000,45.000,-0.208422,3.372,-0.022500,-0.185922,0.000000,-45.000,0.651
1.535000,45.000,-0.246285,3.076,-0.022500,-0.223785,0.000000,-45.000,0.770
1.540000,45.000,-0.285120,3.000,-0.022500,-0.262620,0.000000,-45.000,0.891
1.545000,45.000,-0.300000,3.000,-0.022500,-0.301239,0.000000,-45.000,0.938
1.550000,45.000,-0.300000,3.000,-0.022500,-0.342261,0.000000,-45.000,0.938
1.555000,45.000,-0.300000,3.000,-0.022500,-0.381960,0.000000,-45.000,0.938
1.560000,45.000,-0.300000,3.000,-0.022500,-0.421362,0.000000,-45.000,0.938
1.565000,45.000,-0.300000,3.000,-0.022500,-0.459927,0.000000,-45.000,0.938
1.570000,45.000,-0.300000,3.000,-0.022500,-0.508995,0.000000,-45.000,0.938
1.575000,45.000,-0.300000,3.000,-0.022500,-0.558009,0.000000,-45.000,0.938
1.580000,45.000,-0.300000,3.000,-0.022500,-0.607545,0.000000,-45.000,0.938
1.585000,45.000,-0.300000,3.000,-0.022500,-0.656541,0.000000,-45.000,0.938
1.590000,45.000,-0.300000,3.000,-0.022500,-0.705537,0.000000,-45.000,0.938
1.595000,45.000,-0.300000,3.000,-0.022500,-0.754164,0.000000,-45.000,0.938
1.600000,45.000,-0.300000,3.000,-0.022500,0.000000,-7.866560,0.000,0.938
1.605000,45.000,-0.300000,3.000,-0.022500,-0.052812,-7.866560,0.000,0.938
1.610000,45.000,-0.300000,3.000,-0.022500,-0.109503,-7.866560,0.000,0.938
1.615000,45.000,-0.300000,3.000,-0.022500,-0.162684,-7.866560,0.000,0.938
1.620000,45.000,-0.300000,3.000,-0.022500,-0.212895,-7.866560,-45.000,0.938
1.625000,45.000,-0.295407,3.000,-0.022500,-0.272907,0.000000,-45.000,0.923
1.630000,45.000,-0.300000,3.000,-0.022500,-0.332478,0.000000,-45.000,0.938
1.635000,45.000,-0.300000,3.000,-0.022500,-0.403173,0.000000,-45.000,0.938
1.640000,45.000,-0.300000,3.000,-0.022500,-0.464211,0.000000,-45.000,0.938
1.645000,45.000,-0.300000,3.000,-0.022500,-0.533979,0.000000,-45.000,0.938
1.650000,45.000,-0.300000,3.000,-0.022500,-0.673983,0.000000,-45.000,0.938
1.655000,45.000,-0.300000,3.000,-0.022500,-0.842733,0.000000,-45.000,0.938
1.660000,45.000,-0.300000,3.000,-0.022500,-0.905265,0.000000,-45.000,0.938
1.665000,45.000,-0.300000,3.000,-0.022500,-0.969516,0.000000,-45.000,0.938
1.670000,45.000,-0.300000,3.000,-0.022500,-1.025109,0.000000,-45.000,0.938
1.675000,45.000,-0.300000,3.000,-0.022500,-1.083465,0.000000,-45.000,0.938
1.680000,45.000,-0.300000,3.000,-0.022500,-1.141884,0.000000,-45.000,0.938
1.685000,45.000,-0.300000,3.000,-0.022500,-1.200573,0.000000,-45.000,0.938
1.690000,45.000,-0.300000,3.000,-0.022500,-1.259163,0.000000,-45.000,0.938
1.695000,45.000,-0.300000,3.000,-0.022500,-1.317798,0.000000,-45.000,0.938
1.700000,45.000,-0.300000,3.000,-0.022500,0.000000,-7.222342,0.000,0.938
1.705000,45.000,-0.300000,3.000,-0.022500,-0.038421,-7.222342,0.000,0.938
1.710000,45.000,-0.300000,3.000,-0.022500,-0.097002,-7.222342,0.000,0.938
1.715000,45.000,-0.300000,3.000,-0.022500,-0.146016,-7.222342,0.000,0.938
1.720000,45.000,-0.300000,3.000,-0.022500,-0.191682,-7.222342,-45.000,0.938
1.725000,45.000,-0.262107,3.000,-0.022500,-0.239607,0.000000,-45.000,0.819
1.730000,45.000,-0.300000,3.000,-0.022500,-0.285453,0.000000,-45.000,0.938
1.735000,45.000,-0.300000,3.000,-0.022500,-0.323478,0.000000,-45.000,0.938
1.740000,45.000,-0.300000,3.000,-0.022500,-0.361701,0.000000,-45.000,0.938
1.745000,45.000,-0.300000,3.000,-0.022500,-0.399555,0.000000,-45.000,0.938
1.750000,45.000,-0.300000,3.000,-0.022500,-0.437337,0.000000,-45.000,0.938
1.755000,45.000,-0.300000,3.000,-0.022500,-0.475929,0.000000,-45.000,0.938
1.760000,45.000,-0.300000,3.000,-0.022500,-0.516771,0.000000,-45.000,0.938
1.765000,45.000,-0.300000,3.000,-0.022500,-0.556029,0.000000,-45.000,0.938
1.770000,45.000,-0.300000,3.000,-0.022500,-0.584811,0.000000,-45.000,0.938
1.775000,45.000,-0.300000,3.000,-0.022500,-0.613575,0.000000,-45.000,0.938
1.780000,45.000,-0.300000,3.000,-0.022500,-0.643473,0.000000,-45.000,0.938
1.785000,45.000,-0.300000,3.000,-0.022500,-0.672444,0.000000,-45.000,0.938
1.790000,45.000,-0.300000,3.000,-0.022500,-0.714474,0.000000,-45.000,0.938
1.795000,45.000,-0.300000,3.000,-0.022500,-0.754038,0.000000,-45.000,0.938
1.800000,45.000,-0.300000,3.000,-0.022500,0.000000,-6.897161,0.000,0.938
1.805000,45.000,-0.300000,3.000,-0.022500,-0.041445,-6.897161,0.000,0.938
1.810000,45.000,-0.300000,3.000,-0.022500,-0.078021,-6.897161,0.000,0.938
1.815000,45.000,-0.300000,3.000,-0.022500,-0.118674,-6.897161,0.000,0.938
1.820000,45.000,-0.300000,3.000,-0.022500,-0.157446,-6.897161,-45.000,0.938
1.825000,45.000,-0.218547,3.293,-0.022500,-0.196047,0.000000,-45.000,0.683
1.830000,45.000,-0.267696,3.000,-0.022500,-0.245196,0.000000,-45.000,0.837
1.835000,45.000,-0.300000,3.000,-0.022500,-0.294291,0.000000,-45.000,0.938
1.840000,45.000,-0.300000,3.000,-0.022500,-0.344043,0.000000,-45.000,0.938
1.845000,45.000,-0.300000,3.000,-0.022500,-0.383877,0.000000,-45.000,0.938
1.850000,45.000,-0.300000,3.000,-0.022500,-0.432981,0.000000,-45.000,0.938
1.855000,45.000,-0.300000,3.000,-0.022500,-0.481788,0.000000,-45.000,0.938
1.860000,45.000,-0.300000,3.000,-0.022500,-0.541080,0.000000,-45.000,0.938
1.865000,45.000,-0.300000,3.000,-0.022500,-0.598779,0.000000,-45.000,0.938
1.870000,45.000,-0.300000,3.000,-0.022500,-0.654624,0.000000,-45.000,0.938
1.875000,45.000,-0.300000,3.000,-0.022500,-0.704835,0.000000,-45.000,0.938
1.880000,45.000,-0.300000,3.000,-0.022500,-0.755973,0.000000,-45.000,0.938
1.885000,45.000,-0.300000,3.000,-0.022500,-0.807075,0.000000,-45.000,0.938
1.890000,45.000,-0.300000,3.000,-0.022500,-0.867276,0.000000,-45.000,0.938
1.895000,45.000,-0.300000,3.000,-0.022500,-0.927504,0.000000,-45.000,0.938
1.900000,45.000,-0.300000,3.000,-0.022500,0.000000,-6.530257,0.000,0.938
1.905000,45.000,-0.300000,3.000,-0.022500,-0.065214,-6.530257,0.000,0.938
1.910000,45.000,-0.300000,3.000,-0.022500,-0.122022,-6.530257,0.000,0.938
1.915000,45.000,-0.300000,3.000,-0.022500,-0.295641,-6.530257,0.000,0.938
1.920000,45.000,-0.300000,3.000,-0.022500,-0.436770,-6.530257,-45.000,0.938
1.925000,45.000,-0.300000,3.000,-0.022500,-0.504405,0.000000,-45.000,0.938
1.930000,45.000,-0.300000,3.000,-0.022500,-0.572202,0.000000,-45.000,0.938
1.935000,45.000,-0.300000,3.000,-0.022500,-0.624861,0.000000,-45.000,0.938
1.940000,45.000,-0.300000,3.000,-0.022500,-0.683001,0.000000,-45.000,0.938
1.945000,45.000,-0.300000,3.000,-0.022500,-0.742248,0.000000,-45.000,0.938
1.950000,45.000,-0.300000,3.000,-0.022500,-0.800550,0.000000,-45.000,0.938
1.955000,45.000,-0.300000,3.000,-0.022500,-0.859203,0.000000,-45.000,0.938
1.960000,45.000,-0.300000,3.000,-0.022500,-0.918261,0.000000,-45.000,0.938
1.965000,45.000,-0.300000,3.000,-0.022500,-0.976734,0.000000,-45.000,0.938
1.970000,45.000,-0.300000,3.000,-0.022500,-1.025568,0.000000,-45.000,0.938
1.975000,45.000,-0.300000,3.000,-0.022500,-1.074744,0.000000,-45.000,0.938
1.980000,45.000,-0.300000,3.000,-0.022500,-1.114596,0.000000,-45.000,0.938
1.985000,45.000,-0.300000,3.000,-0.022500,-1.163943,0.000000,-45.000,0.938
1.990000,45.000,-0.300000,3.000,-0.022500,-1.212813,0.000000,-45.000,0.938
1.995000,45.000,-0.300000,3.000,-0.022500,-1.261737,0.000000,-45.000,0.938
2.000000,45.000,-0.300000,3.000,-0.022500,0.000000,-6.106776,0.000,0.938
2.005000,45.000,-0.300000,3.000,-0.022500,-0.045576,-6.106776,0.000,0.938
2.010000,45.000,-0.300000,3.000,-0.022500,-0.079380,-6.106776,0.000,0.938
2.015000,45.000,-0.300000,3.000,-0.022500,-0.118080,-6.106776,0.000,0.938
2.020000,45.000,-0.300000,3.000,-0.022500,-0.164016,-6.106776,-45.000,0.938
2.025000,45.000,-0.215325,3.318,-0.022500,-0.192825,0.000000,-45.000,0.673
2.030000,45.000,-0.253620,3.019,-0.022500,-0.231120,0.000000,-45.000,0.793
2.035000,45.000,-0.281592,3.000,-0.022500,-0.259092,0.000000,-45.000,0.880
2.040000,45.000,-0.300000,3.000,-0.022500,-0.287703,0.000000,-45.000,0.938
2.045000,45.000,-0.300000,3.000,-0.022500,-0.316053,0.000000,-45.000,0.938
2.050000,45.000,-0.300000,3.000,-0.022500,-0.357021,0.000000,-45.000,0.938
2.055000,45.000,-0.300000,3.000,-0.022500,-0.385344,0.000000,-45.000,0.938
2.060000,45.000,-0.300000,3.000,-0.022500,-0.423477,0.000000,-45.000,0.938
2.065000,45.000,-0.300000,3.000,-0.022500,-0.462132,0.000000,-45.000,0.938
2.070000,45.000,-0.300000,3.000,-0.022500,-0.500688,0.000000,-45.000,0.938
2.075000,45.000,-0.300000,3.000,-0.022500,-0.539289,0.000000,-45.000,0.938
2.080000,45.000,-0.300000,3.000,-0.022500,-0.579753,0.000000,-45.000,0.938
2.085000,45.000,-0.300000,3.000,-0.022500,-0.618840,0.000000,-45.000,0.938
2.090000,45.000,-0.300000,3.000,-0.022500,-0.654705,0.000000,-45.000,0.938
2.095000,45.000,-0.300000,3.000,-0.022500,-0.703539,0.000000,-45.000,0.938
2.100000,45.000,-0.300000,3.000,-0.022500,0.000000,-5.883747,0.000,0.938
2.105000,45.000,-0.300000,3.000,-0.022500,-0.075789,-5.883747,0.000,0.938
2.110000,45.000,-0.300000,3.000,-0.022500,-0.115722,-5.883747,0.000,0.938
2.115000,45.000,-0.300000,3.000,-0.022500,-0.165249,-5.883747,0.000,0.938
2.120000,45.000,-0.300000,3.000,-0.022500,-0.214740,-5.883747,-45.000,0.938
2.125000,45.000,-0.284013,3.000,-0.022500,-0.261513,0.000000,-45.000,0.888
2.130000,45.000,-0.300000,3.000,-0.022500,-0.311535,0.000000,-45.000,0.938
2.135000,45.000,-0.300000,3.000,-0.022500,-0.371340,0.000000,-45.000,0.938
2.140000,45.000,-0.300000,3.000,-0.022500,-0.421461,0.000000,-45.000,0.938
2.145000,45.000,-0.300000,3.000,-0.022500,-0.472392,0.000000,-45.000,0.938
2.150000,45.000,-0.300000,3.000,-0.022500,-0.532404,0.000000,-45.000,0.938
2.155000,45.000,-0.300000,3.000,-0.022500,-0.582561,0.000000,-45.000,0.938
2.160000,45.000,-0.300000,3.000,-0.022500,-0.643257,0.000000,-45.000,0.938
2.165000,45.000,-0.300000,3.000,-0.022500,-0.704196,0.000000,-45.000,0.938
2.170000,45.000,-0.300000,3.000,-0.022500,-0.764766,0.000000,-45.000,0.938
2.175000,45.000,-0.300000,3.000,-0.022500,-0.826065,0.000000,-45.000,0.938
2.180000,45.000,-0.300000,3.000,-0.022500,-1.018485,0.000000,-45.000,0.938
2.185000,45.000,-0.300000,3.000,-0.022500,-1.170099,0.000000,-45.000,0.938
2.190000,45.000,-0.300000,3.000,-0.022500,-1.230741,0.000000,-45.000,0.938
2.195000,45.000,-0.300000,3.000,-0.022500,-1.299618,0.000000,-45.000,0.938
2.200000,45.000,-0.300000,3.000,-0.022500,0.000000,-5.517731,0.000,0.938
2.205000,45.000,-0.300000,3.000,-0.022500,-0.049113,-5.517731,0.000,0.938
2.210000,45.000,-0.300000,3.000,-0.022500,-0.100467,-5.517731,0.000,0.938
2.215000,45.000,-0.300000,3.000,-0.022500,-0.154791,-5.517731,0.000,0.938
2.220000,45.000,-0.300000,3.000,-0.022500,-0.211059,-5.517731,-45.000,0.938
2.225000,45.000,-0.291330,3.000,-0.022500,-0.268830,0.000000,-45.000,0.910
2.230000,45.000,-0.300000,3.000,-0.022500,-0.327681,0.000000,-45.000,0.938
2.235000,45.000,-0.300000,3.000,-0.022500,-0.386064,0.000000,-45.000,0.938
2.240000,45.000,-0.300000,3.000,-0.022500,-0.434367,0.000000,-45.000,0.938
2.245000,45.000,-0.300000,3.000,-0.022500,-0.483453,0.000000,-45.000,0.938
2.250000,45.000,-0.300000,3.000,-0.022500,-0.531198,0.000000,-45.000,0.938
2.255000,45.000,-0.300000,3.000,-0.022500,-0.579321,0.000000,-45.000,0.938
2.260000,45.000,-0.300000,3.000,-0.022500,-0.629109,0.000000,-45.000,0.938
2.265000,45.000,-0.300000,3.000,-0.022500,-0.678735,0.000000,-45.000,0.938
2.270000,45.000,-0.300000,3.000,-0.022500,-0.717471,0.000000,-45.000,0.938
2.275000,45.000,-0.300000,3.000,-0.022500,-0.756126,0.000000,-45.000,0.938
2.280000,45.000,-0.300000,3.000,-0.022500,-0.795411,0.000000,-45.000,0.938
2.285000,45.000,-0.300000,3.000,-0.022500,-0.837243,0.000000,-45.000,0.938
2.290000,45.000,-0.300000,3.000,-0.022500,-0.875394,0.000000,-45.000,0.938
2.295000,45.000,-0.300000,3.000,-0.022500,-0.913977,0.000000,-45.000,0.938
2.300000,45.000,-0.300000,3.000,-0.022500,0.000000,-5.288359,0.000,0.938
2.305000,45.000,-0.300000,3.000,-0.022500,-0.048402,-5.288359,0.000,0.938
2.310000,45.000,-0.300000,3.000,-0.022500,-0.088155,-5.288359,0.000,0.938
2.315000,45.000,-0.300000,3.000,-0.022500,-0.108072,-5.288359,0.000,0.938
2.320000,45.000,-0.300000,3.000,-0.022500,-0.136935,-5.288359,-45.000,0.938
2.325000,45.000,-0.188154,3.530,-0.022500,-0.165654,0.000000,-45.000,0.588
2.330000,45.000,-0.226674,3.229,-0.022500,-0.204174,0.000000,-45.000,0.708
2.335000,45.000,-0.265842,3.000,-0.022500,-0.243342,0.000000,-45.000,0.831
2.340000,45.000,-0.300000,3.000,-0.022500,-0.286515,0.000000,-45.000,0.938
2.345000,45.000,-0.300000,3.000,-0.022500,-0.326169,0.000000,-45.000,0.938
2.350000,45.000,-0.300000,3.000,-0.022500,-0.356490,0.000000,-45.000,0.938
2.355000,45.000,-0.300000,3.000,-0.022500,-0.396045,0.000000,-45.000,0.938
2.360000,45.000,-0.300000,3.000,-0.022500,-0.435906,0.000000,-45.000,0.938
2.365000,45.000,-0.300000,3.000,-0.022500,-0.486603,0.000000,-45.000,0.938
2.370000,45.000,-0.300000,3.000,-0.022500,-0.526932,0.000000,-45.000,0.938
2.375000,45.000,-0.300000,3.000,-0.022500,-0.567450,0.000000,-45.000,0.938
2.380000,45.000,-0.300000,3.000,-0.022500,-0.617517,0.000000,-45.000,0.938
2.385000,45.000,-0.300000,3.000,-0.022500,-0.667584,0.000000,-45.000,0.938
2.390000,45.000,-0.300000,3.000,-0.022500,-0.718182,0.000000,-45.000,0.938
2.395000,45.000,-0.300000,3.000,-0.022500,-0.768618,0.000000,-45.000,0.938
2.400000,45.000,-0.300000,3.000,-0.022500,0.000000,-5.106685,0.000,0.938
2.405000,45.000,-0.300000,3.000,-0.022500,-0.049032,-5.106685,0.000,0.938
2.410000,45.000,-0.300000,3.000,-0.022500,-0.127179,-5.106685,0.000,0.938
2.415000,45.000,-0.300000,3.000,-0.022500,-0.178587,-5.106685,0.000,0.938
2.420000,45.000,-0.300000,3.000,-0.022500,-0.238824,-5.106685,-45.000,0.938
2.425000,45.000,-0.300000,3.000,-0.022500,-0.289737,0.000000,-45.000,0.938
2.430000,45.000,-0.300000,3.000,-0.022500,-0.350514,0.000000,-45.000,0.938
2.435000,45.000,-0.300000,3.000,-0.022500,-0.411651,0.000000,-45.000,0.938
2.440000,45.000,-0.300000,3.000,-0.022500,-0.583803,0.000000,-45.000,0.938
2.445000,45.000,-0.300000,3.000,-0.022500,-0.725508,0.000000,-45.000,0.938
2.450000,45.000,-0.300000,3.000,-0.022500,-0.793863,0.000000,-45.000,0.938
2.455000,45.000,-0.300000,3.000,-0.022500,-0.851436,0.000000,-45.000,0.938
2.460000,45.000,-0.300000,3.000,-0.022500,-0.909837,0.000000,-45.000,0.938
2.465000,45.000,-0.300000,3.000,-0.022500,-0.967725,0.000000,-45.000,0.938
2.470000,45.000,-0.300000,3.000,-0.022500,-1.026108,0.000000,-45.000,0.938
2.475000,45.000,-0.300000,3.000,-0.022500,-1.084428,0.000000,-45.000,0.938
2.480000,45.000,-0.300000,3.000,-0.022500,-1.138806,0.000000,-45.000,0.938
2.485000,45.000,-0.300000,3.000,-0.022500,-1.197369,0.000000,-45.000,0.938
2.490000,45.000,-0.300000,3.000,-0.022500,-1.245564,0.000000,-45.000,0.938
2.495000,45.000,-0.300000,3.000,-0.022500,-1.294749,0.000000,-45.000,0.938
2.500000,45.000,-0.300000,3.000,-0.022500,0.000000,-4.833479,0.000,0.938
2.505000,45.000,-0.300000,3.000,-0.022500,-0.038574,-4.833479,0.000,0.938
2.510000,45.000,-0.300000,3.000,-0.022500,-0.087309,-4.833479,0.000,0.938
2.515000,45.000,-0.300000,3.000,-0.022500,-0.136071,-4.833479,0.000,0.938
2.520000,45.000,-0.300000,3.000,-0.022500,-0.180171,-4.833479,-45.000,0.938
2.525000,45.000,-0.240993,3.117,-0.022500,-0.218493,0.000000,-45.000,0.753
2.530000,45.000,-0.279864,3.000,-0.022500,-0.257364,0.000000,-45.000,0.875
2.535000,45.000,-0.300000,3.000,-0.022500,-0.296559,0.000000,-45.000,0.938
2.540000,45.000,-0.300000,3.000,-0.022500,-0.333693,0.000000,-45.000,0.938
2.545000,45.000,-0.300000,3.000,-0.022500,-0.373977,0.000000,-45.000,0.938
2.550000,45.000,-0.300000,3.000,-0.022500,-0.412848,0.000000,-45.000,0.938
2.555000,45.000,-0.300000,3.000,-0.022500,-0.441738,0.000000,-45.000,0.938
2.560000,45.000,-0.300000,3.000,-0.022500,-0.470124,0.000000,-45.000,0.938
2.565000,45.000,-0.300000,3.000,-0.022500,-0.498294,0.000000,-45.000,0.938
2.570000,45.000,-0.300000,3.000,-0.022500,-0.526599,0.000000,-45.000,0.938
2.575000,45.000,-0.300000,3.000,-0.022500,-0.567531,0.000000,-45.000,0.938
2.580000,45.000,-0.300000,3.000,-0.022500,-0.596709,0.000000,-45.000,0.938
2.585000,45.000,-0.300000,3.000,-0.022500,-0.625230,0.000000,-45.000,0.938
2.590000,45.000,-0.300000,3.000,-0.022500,-0.664038,0.000000,-45.000,0.938
2.595000,45.000,-0.300000,3.000,-0.022500,-0.702909,0.000000,-45.000,0.938
2.600000,45.000,-0.300000,3.000,-0.022500,0.000000,-4.694510,0.000,0.938
2.605000,45.000,-0.300000,3.000,-0.022500,-0.078120,-4.694510,0.000,0.938
2.610000,45.000,-0.300000,3.000,-0.022500,-0.115650,-4.694510,0.000,0.938
2.615000,45.000,-0.300000,3.000,-0.022500,-0.152865,-4.694510,0.000,0.938
2.620000,45.000,-0.300000,3.000,-0.022500,-0.189738,-4.694510,-45.000,0.938
2.625000,45.000,-0.262242,3.000,-0.022500,-0.239742,0.000000,-45.000,0.820
2.630000,45.000,-0.299934,3.000,-0.022500,-0.277434,0.000000,-45.000,0.937
2.635000,45.000,-0.300000,3.000,-0.022500,-0.326655,0.000000,-45.000,0.938
2.640000,45.000,-0.300000,3.000,-0.022500,-0.375336,0.000000,-45.000,0.938
2.645000,45.000,-0.300000,3.000,-0.022500,-0.424323,0.000000,-45.000,0.938
2.650000,45.000,-0.300000,3.000,-0.022500,-0.473994,0.000000,-45.000,0.938
2.655000,45.000,-0.300000,3.000,-0.022500,-0.533682,0.000000,-45.000,0.938
2.660000,45.000,-0.300000,3.000,-0.022500,-0.593541,0.000000,-45.000,0.938
2.665000,45.000,-0.300000,3.000,-0.022500,-0.654066,0.000000,-45.000,0.938
2.670000,45.000,-0.300000,3.000,-0.022500,-0.705150,0.000000,-45.000,0.938
2.675000,45.000,-0.300000,3.000,-0.022500,-0.756819,0.000000,-45.000,0.938
2.680000,45.000,-0.300000,3.000,-0.022500,-0.806967,0.000000,-45.000,0.938
2.685000,45.000,-0.300000,3.000,-0.022500,-0.867501,0.000000,-45.000,0.938
2.690000,45.000,-0.300000,3.000,-0.022500,-0.938151,0.000000,-45.000,0.938
2.695000,45.000,-0.300000,3.000,-0.022500,-0.999315,0.000000,-45.000,0.938
2.700000,45.000,-0.300000,3.000,-0.022500,0.000000,-4.509269,0.000,0.938
2.705000,45.000,-0.300000,3.000,-0.022500,-0.180810,-4.509269,0.000,0.938
2.710000,45.000,-0.300000,3.000,-0.022500,-0.364437,-4.509269,0.000,0.938
2.715000,45.000,-0.300000,3.000,-0.022500,-0.423369,-4.509269,0.000,0.938
2.720000,45.000,-0.300000,3.000,-0.022500,-0.481680,-4.509269,-45.000,0.938
2.725000,45.000,-0.300000,3.000,-0.022500,-0.540657,0.000000,-45.000,0.938
2.730000,45.000,-0.300000,3.000,-0.022500,-0.599202,0.000000,-45.000,0.938
2.735000,45.000,-0.300000,3.000,-0.022500,-0.657981,0.000000,-45.000,0.938
2.740000,45.000,-0.300000,3.000,-0.022500,-0.716157,0.000000,-45.000,0.938
2.745000,45.000,-0.300000,3.000,-0.022500,-0.774351,0.000000,-45.000,0.938
2.750000,45.000,-0.300000,3.000,-0.022500,-0.832653,0.000000,-45.000,0.938
2.755000,45.000,-0.300000,3.000,-0.022500,-0.871200,0.000000,-45.000,0.938
2.760000,45.000,-0.300000,3.000,-0.022500,-0.919917,0.000000,-45.000,0.938
2.765000,45.000,-0.300000,3.000,-0.022500,-0.969156,0.000000,-45.000,0.938
2.770000,45.000,-0.300000,3.000,-0.022500,-1.018467,0.000000,-45.000,0.938
2.775000,45.000,-0.300000,3.000,-0.022500,-1.067220,0.000000,-45.000,0.938
2.780000,45.000,-0.300000,3.000,-0.022500,-1.117179,0.000000,-45.000,0.938
2.785000,45.000,-0.300000,3.000,-0.022500,-1.157589,0.000000,-45.000,0.938
2.790000,45.000,-0.300000,3.000,-0.022500,-1.197036,0.000000,-45.000,0.938
2.795000,45.000,-0.300000,3.000,-0.022500,-1.235565,0.000000,-45.000,0.938
2.800000,45.000,-0.300000,3.000,-0.022500,0.000000,-4.305443,0.000,0.938
2.805000,45.000,-0.300000,3.000,-0.022500,-0.053271,-4.305443,0.000,0.938
2.810000,45.000,-0.300000,3.000,-0.022500,-0.132147,-4.305443,0.000,0.938
2.815000,45.000,-0.300000,3.000,-0.022500,-0.165042,-4.305443,0.000,0.938
2.820000,45.000,-0.300000,3.000,-0.022500,-0.193545,-4.305443,-45.000,0.938
2.825000,45.000,-0.244161,3.092,-0.022500,-0.221661,0.000000,-45.000,0.763
2.830000,45.000,-0.275175,3.000,-0.022500,-0.252675,0.000000,-45.000,0.860
2.835000,45.000,-0.300000,3.000,-0.022500,-0.292392,0.000000,-45.000,0.938
2.840000,45.000,-0.300000,3.000,-0.022500,-0.320778,0.000000,-45.000,0.938
2.845000,45.000,-0.300000,3.000,-0.022500,-0.348714,0.000000,-45.000,0.938
2.850000,45.000,-0.300000,3.000,-0.022500,-0.376353,0.000000,-45.000,0.938
2.855000,45.000,-0.300000,3.000,-0.022500,-0.414243,0.000000,-45.000,0.938
2.860000,45.000,-0.300000,3.000,-0.022500,-0.451827,0.000000,-45.000,0.938
2.865000,45.000,-0.300000,3.000,-0.022500,-0.489798,0.000000,-45.000,0.938
2.870000,45.000,-0.300000,3.000,-0.022500,-0.527859,0.000000,-45.000,0.938
2.875000,45.000,-0.300000,3.000,-0.022500,-0.565443,0.000000,-45.000,0.938
2.880000,45.000,-0.300000,3.000,-0.022500,-0.603180,0.000000,-45.000,0.938
2.885000,45.000,-0.300000,3.000,-0.022500,-0.642087,0.000000,-45.000,0.938
2.890000,45.000,-0.300000,3.000,-0.022500,-0.687456,0.000000,-45.000,0.938
2.895000,45.000,-0.300000,3.000,-0.022500,-0.736785,0.000000,-45.000,0.938
2.900000,45.000,-0.300000,3.000,-0.022500,0.000000,-4.188682,0.000,0.938
2.905000,45.000,-0.300000,3.000,-0.022500,-0.040248,-4.188682,0.000,0.938
2.910000,45.000,-0.300000,3.000,-0.022500,-0.080064,-4.188682,0.000,0.938
2.915000,45.000,-0.300000,3.000,-0.022500,-0.124542,-4.188682,0.000,0.938
2.920000,45.000,-0.300000,3.000,-0.022500,-0.176976,-4.188682,-45.000,0.938
# Log beendet. EintrÃ¤ge: 584
