timestamp,roll_angle,steering_output,final_steer,target_speed,p_term,i_term,d_term,error,stability_factor,vision_error,vision_steer_command,vision_speed_command,vision_p_term,vision_i_term,vision_d_term,vision_active,vision_mask_coverage
0.004000,0.037,0.000000,0.000000,4.000,0.000000,0.000000,0.000000,0.000,0.000,0.000000,0.000000,0.000000,0.000000,0.000000,0.000000,0,0.00
0.008000,0.053,0.000000,0.000000,4.000,0.000000,0.000000,0.000000,0.000,0.000,0.000000,0.000000,0.000000,0.000000,0.000000,0.000000,0,0.00
0.012000,0.073,0.000000,0.000000,4.000,0.000000,0.000000,0.000000,0.000,0.000,0.000000,0.000000,0.000000,0.000000,0.000000,0.000000,0,0.00
0.016000,0.096,0.000000,0.000000,4.000,0.000000,0.000000,0.000000,0.000,0.000,0.000000,0.000000,0.000000,0.000000,0.000000,0.000000,0,0.00
0.020000,0.120,0.000000,0.000000,4.000,0.000000,0.000000,0.000000,0.000,0.000,0.000000,0.000000,0.000000,0.000000,0.000000,0.000000,0,0.00
0.024000,0.144,0.000000,0.000000,4.000,0.000000,0.000000,0.000000,0.000,0.000,0.000000,0.000000,0.000000,0.000000,0.000000,0.000000,0,0.00
0.028000,0.170,0.000000,0.000000,4.000,0.000000,0.000000,0.000000,0.000,0.000,0.000000,0.000000,0.000000,0.000000,0.000000,0.000000,0,0.00
0.032000,0.196,0.000000,0.000000,4.000,0.000000,0.000000,0.000000,0.000,0.000,0.000000,0.000000,0.000000,0.000000,0.000000,0.000000,0,0.00
0.036000,0.222,0.000000,0.000000,4.000,0.000000,0.000000,0.000000,0.000,0.000,0.000000,0.000000,0.000000,0.000000,0.000000,0.000000,0,0.00
0.040000,0.250,0.000000,0.000000,4.000,0.000000,0.000000,0.000000,0.000,0.000,0.000000,0.000000,0.000000,0.000000,0.000000,0.000000,0,0.00
0.044000,0.278,0.000000,0.000000,4.000,0.000000,0.000000,0.000000,0.000,0.000,0.000000,0.000000,0.000000,0.000000,0.000000,0.000000,0,0.00
0.048000,0.306,0.000000,0.000000,4.000,0.000000,0.000000,0.000000,0.000,0.000,0.000000,0.000000,0.000000,0.000000,0.000000,0.000000,0,0.00
0.052000,0.336,0.000000,0.000000,4.000,0.000000,0.000000,0.000000,0.000,0.000,0.000000,0.000000,0.000000,0.000000,0.000000,0.000000,0,0.00
0.056000,0.365,0.000000,0.000000,4.000,0.000000,0.000000,0.000000,0.000,0.000,0.000000,0.000000,0.000000,0.000000,0.000000,0.000000,0,0.00
0.060000,0.396,0.000000,0.000000,4.000,0.000000,0.000000,0.000000,0.000,0.000,0.000000,0.000000,0.000000,0.000000,0.000000,0.000000,0,0.00
0.064000,0.427,0.000000,0.000000,4.000,0.000000,0.000000,0.000000,0.000,0.000,0.000000,0.000000,0.000000,0.000000,0.000000,0.000000,0,0.00
0.068000,0.459,0.000000,0.000000,4.000,0.000000,0.000000,0.000000,0.000,0.000,0.000000,0.000000,0.000000,0.000000,0.000000,0.000000,0,0.00
0.072000,0.491,0.000000,0.000000,4.000,0.000000,0.000000,0.000000,0.000,0.000,0.000000,0.000000,0.000000,0.000000,0.000000,0.000000,0,0.00
0.076000,0.524,0.000000,0.000000,4.000,0.000000,0.000000,0.000000,0.000,0.000,0.000000,0.000000,0.000000,0.000000,0.000000,0.000000,0,0.00
0.080000,0.557,0.000000,0.000000,4.000,0.000000,0.000000,0.000000,0.000,0.000,0.000000,0.000000,0.000000,0.000000,0.000000,0.000000,0,0.00
0.084000,0.591,0.000000,0.000000,4.000,0.000000,0.000000,0.000000,0.000,0.000,0.000000,0.000000,0.000000,0.000000,0.000000,0.000000,0,0.00
0.088000,0.626,0.000000,0.000000,4.000,0.000000,0.000000,0.000000,0.000,0.000,0.000000,0.000000,0.000000,0.000000,0.000000,0.000000,0,0.00
0.092000,0.661,0.000000,0.000000,4.000,0.000000,0.000000,0.000000,0.000,0.000,0.000000,0.000000,0.000000,0.000000,0.000000,0.000000,0,0.00
0.096000,0.697,0.000000,0.000000,4.000,0.000000,0.000000,0.000000,0.000,0.000,0.000000,0.000000,0.000000,0.000000,0.000000,0.000000,0,0.00
0.100000,0.733,0.000000,0.000000,4.000,0.000000,0.000000,0.000000,0.000,0.000,0.000000,0.000000,0.000000,0.000000,0.000000,0.000000,0,0.00
0.104000,0.770,0.000000,0.000000,4.000,0.000000,0.000000,0.000000,0.000,0.000,0.000000,0.000000,0.000000,0.000000,0.000000,0.000000,0,0.00
0.108000,0.808,0.000000,0.000000,4.000,0.000000,0.000000,0.000000,0.000,0.000,0.000000,0.000000,0.000000,0.000000,0.000000,0.000000,0,0.00
0.112000,0.840,0.000000,0.000000,4.000,0.000000,0.000000,0.000000,0.000,0.000,0.000000,0.000000,0.000000,0.000000,0.000000,0.000000,0,0.00
0.116000,0.864,0.000000,0.000000,4.000,0.000000,0.000000,0.000000,0.000,0.000,0.000000,0.000000,0.000000,0.000000,0.000000,0.000000,0,0.00
0.120000,0.875,0.000000,0.000000,4.000,0.000000,0.000000,0.000000,0.000,0.000,0.000000,0.000000,0.000000,0.000000,0.000000,0.000000,0,0.00
0.124000,0.904,0.000000,0.000000,4.000,0.000000,0.000000,0.000000,0.000,0.000,0.000000,0.000000,0.000000,0.000000,0.000000,0.000000,0,0.00
0.128000,0.920,0.000000,0.000000,4.000,0.000000,0.000000,0.000000,0.000,0.000,0.000000,0.000000,0.000000,0.000000,0.000000,0.000000,0,0.00
0.132000,0.924,0.000000,0.000000,4.000,0.000000,0.000000,0.000000,0.000,0.000,0.000000,0.000000,0.000000,0.000000,0.000000,0.000000,0,0.00
0.136000,0.915,0.000000,0.000000,4.000,0.000000,0.000000,0.000000,0.000,0.000,0.000000,0.000000,0.000000,0.000000,0.000000,0.000000,0,0.00
0.140000,0.900,0.000000,0.000000,4.000,0.000000,0.000000,0.000000,0.000,0.000,0.000000,0.000000,0.000000,0.000000,0.000000,0.000000,0,0.00
0.144000,0.884,0.000000,0.000000,4.000,0.000000,0.000000,0.000000,0.000,0.000,0.000000,0.000000,0.000000,0.000000,0.000000,0.000000,0,0.00
0.148000,0.869,0.000000,0.000000,4.000,0.000000,0.000000,0.000000,0.000,0.000,0.000000,0.000000,0.000000,0.000000,0.000000,0.000000,0,0.00
0.152000,0.853,0.000000,0.000000,4.000,0.000000,0.000000,0.000000,0.000,0.000,0.000000,0.000000,0.000000,0.000000,0.000000,0.000000,0,0.00
0.156000,0.838,0.000000,0.000000,4.000,0.000000,0.000000,0.000000,0.000,0.000,0.000000,0.000000,0.000000,0.000000,0.000000,0.000000,0,0.00
0.160000,0.821,0.000000,0.000000,4.000,0.000000,0.000000,0.000000,0.000,0.000,0.000000,0.000000,0.000000,0.000000,0.000000,0.000000,0,0.00
0.164000,0.803,0.000000,0.000000,4.000,0.000000,0.000000,0.000000,0.000,0.000,0.000000,0.000000,0.000000,0.000000,0.000000,0.000000,0,0.00
0.168000,0.783,0.000000,0.000000,4.000,0.000000,0.000000,0.000000,0.000,0.000,0.000000,0.000000,0.000000,0.000000,0.000000,0.000000,0,0.00
0.172000,0.762,0.000000,0.000000,4.000,0.000000,0.000000,0.000000,0.000,0.000,0.000000,0.000000,0.000000,0.000000,0.000000,0.000000,0,0.00
0.176000,0.739,0.000000,0.000000,4.000,0.000000,0.000000,0.000000,0.000,0.000,0.000000,0.000000,0.000000,0.000000,0.000000,0.000000,0,0.00
0.180000,0.713,0.000000,0.000000,4.000,0.000000,0.000000,0.000000,0.000,0.000,0.000000,0.000000,0.000000,0.000000,0.000000,0.000000,0,0.00
0.184000,0.685,0.000000,0.000000,4.000,0.000000,0.000000,0.000000,0.000,0.000,0.000000,0.000000,0.000000,0.000000,0.000000,0.000000,0,0.00
0.188000,0.654,0.000000,0.000000,4.000,0.000000,0.000000,0.000000,0.000,0.000,0.000000,0.000000,0.000000,0.000000,0.000000,0.000000,0,0.00
0.192000,0.621,0.000000,0.000000,4.000,0.000000,0.000000,0.000000,0.000,0.000,0.000000,0.000000,0.000000,0.000000,0.000000,0.000000,0,0.00
0.196000,0.584,0.000000,0.000000,4.000,0.000000,0.000000,0.000000,0.000,0.000,0.000000,0.000000,0.000000,0.000000,0.000000,0.000000,0,0.00
0.200000,0.544,0.000000,0.000000,4.000,0.000000,0.000000,0.000000,0.000,0.000,0.000000,0.000000,0.000000,0.000000,0.000000,0.000000,0,0.00
0.204000,0.501,0.000000,0.000000,4.000,0.000000,0.000000,0.000000,0.000,0.000,0.000000,0.000000,0.000000,0.000000,0.000000,0.000000,0,0.00
0.208000,0.456,0.000000,0.000000,4.000,0.000000,0.000000,0.000000,0.000,0.000,0.000000,0.000000,0.000000,0.000000,0.000000,0.000000,0,0.00
0.212000,0.409,0.000000,0.000000,4.000,0.000000,0.000000,0.000000,0.000,0.000,0.000000,0.000000,0.000000,0.000000,0.000000,0.000000,0,0.00
0.216000,0.358,0.000000,0.000000,4.000,0.000000,0.000000,0.000000,0.000,0.000,0.000000,0.000000,0.000000,0.000000,0.000000,0.000000,0,0.00
0.220000,0.305,0.000000,0.000000,4.000,0.000000,0.000000,0.000000,0.000,0.000,0.000000,0.000000,0.000000,0.000000,0.000000,0.000000,0,0.00
0.224000,0.249,0.000000,0.000000,4.000,0.000000,0.000000,0.000000,0.000,0.000,0.000000,0.000000,0.000000,0.000000,0.000000,0.000000,0,0.00
0.228000,0.190,0.000000,0.000000,4.000,0.000000,0.000000,0.000000,0.000,0.000,0.000000,0.000000,0.000000,0.000000,0.000000,0.000000,0,0.00
0.232000,0.133,0.000000,0.000000,4.000,0.000000,0.000000,0.000000,0.000,0.000,0.000000,0.000000,0.000000,0.000000,0.000000,0.000000,0,0.00
0.236000,0.083,0.000000,0.000000,4.000,0.000000,0.000000,0.000000,0.000,0.000,0.000000,0.000000,0.000000,0.000000,0.000000,0.000000,0,0.00
0.240000,0.042,0.000000,0.000000,4.000,0.000000,0.000000,0.000000,0.000,0.000,0.000000,0.000000,0.000000,0.000000,0.000000,0.000000,0,0.00
0.244000,0.013,0.000000,0.000000,4.000,0.000000,0.000000,0.000000,0.000,0.000,0.000000,0.000000,0.000000,0.000000,0.000000,0.000000,0,0.00
0.248000,-0.005,0.000000,0.000000,4.000,0.000000,0.000000,0.000000,0.000,0.000,0.000000,0.000000,0.000000,0.000000,0.000000,0.000000,0,0.00
0.252000,-0.012,-0.018364,-0.018364,8.000,0.018364,0.000000,0.000000,0.000,0.018,0.000000,0.000000,0.000000,0.000000,0.000000,0.000000,0,0.00
0.256000,-0.008,-0.012050,-0.012050,8.000,0.012050,0.000000,-0.000000,0.000,0.012,0.000000,0.000000,0.000000,0.000000,0.000000,0.000000,0,0.00
0.260000,0.000,0.000609,0.000609,8.000,-0.000609,0.000000,-0.000000,0.000,0.001,0.000000,0.000000,0.000000,0.000000,0.000000,0.000000,0,0.00
0.264000,0.008,0.012374,0.012374,8.000,-0.012374,0.000000,-0.000000,0.000,0.012,0.000000,0.000000,0.000000,0.000000,0.000000,0.000000,0,0.00
0.268000,0.014,0.020717,0.020717,8.000,-0.020717,0.000000,-0.000000,0.012,0.021,0.000000,0.000000,0.000000,0.000000,0.000000,0.000000,0,0.00
0.272000,0.017,0.025643,0.025643,8.000,-0.025643,0.000000,-0.000000,0.008,0.026,0.000000,0.000000,0.000000,0.000000,0.000000,0.000000,0,0.00
0.276000,0.019,0.028080,0.028080,8.000,-0.028080,0.000000,-0.000000,-0.000,0.028,0.000000,0.000000,0.000000,0.000000,0.000000,0.000000,0,0.00
0.280000,0.019,0.028917,0.028917,8.000,-0.028917,0.000000,-0.000000,-0.008,0.029,0.000000,0.000000,0.000000,0.000000,0.000000,0.000000,0,0.00
0.284000,0.019,0.028649,0.028649,8.000,-0.028649,0.000000,-0.000000,-0.014,0.029,0.000000,0.000000,0.000000,0.000000,0.000000,0.000000,0,0.00
0.288000,0.018,0.027546,0.027546,8.000,-0.027546,0.000000,-0.000000,-0.017,0.028,0.000000,0.000000,0.000000,0.000000,0.000000,0.000000,0,0.00
0.292000,0.017,0.025803,0.025803,8.000,-0.025803,0.000000,0.000000,-0.019,0.026,0.000000,0.000000,0.000000,0.000000,0.000000,0.000000,0,0.00
0.296000,0.016,0.023628,0.023628,8.000,-0.023628,0.000000,0.000000,-0.019,0.024,0.000000,0.000000,0.000000,0.000000,0.000000,0.000000,0,0.00
0.300000,0.014,0.021282,0.021282,8.000,-0.021282,0.000000,0.000000,-0.019,0.021,0.000000,0.000000,0.000000,0.000000,0.000000,0.000000,0,0.00
0.304000,0.013,0.019086,0.019086,8.000,-0.019086,0.000000,0.000000,-0.018,0.019,0.000000,0.000000,0.000000,0.000000,0.000000,0.000000,0,0.00
0.308000,0.012,0.017414,0.017414,8.000,-0.017414,0.000000,0.000000,-0.017,0.017,0.000000,0.000000,0.000000,0.000000,0.000000,0.000000,0,0.00
0.312000,0.011,0.016677,0.016677,8.000,-0.016677,0.000000,0.000000,-0.016,0.017,0.000000,0.000000,0.000000,0.000000,0.000000,0.000000,0,0.00
0.316000,0.011,0.016949,0.016949,8.000,-0.016949,0.000000,0.000000,-0.014,0.017,0.000000,0.000000,0.000000,0.000000,0.000000,0.000000,0,0.00
0.320000,0.012,0.017492,0.017492,8.000,-0.017492,0.000000,0.000000,-0.013,0.017,0.000000,0.000000,0.000000,0.000000,0.000000,0.000000,0,0.00
0.324000,0.012,0.017973,0.017973,8.000,-0.017973,0.000000,0.000000,-0.012,0.018,0.000000,0.000000,0.000000,0.000000,0.000000,0.000000,0,0.00
0.328000,0.012,0.018296,0.018296,8.000,-0.018296,0.000000,0.000000,-0.011,0.018,0.000000,0.000000,0.000000,0.000000,0.000000,0.000000,0,0.00
0.332000,0.012,0.018469,0.018469,8.000,-0.018469,0.000000,-0.000000,-0.011,0.018,0.000000,0.000000,0.000000,0.000000,0.000000,0.000000,0,0.00
0.336000,0.012,0.018540,0.018540,8.000,-0.018540,0.000000,-0.000000,-0.012,0.019,0.000000,0.000000,0.000000,0.000000,0.000000,0.000000,0,0.00
0.340000,0.012,0.018556,0.018556,8.000,-0.018556,0.000000,-0.000000,-0.012,0.019,0.000000,0.000000,0.000000,0.000000,0.000000,0.000000,0,0.00
0.344000,0.012,0.018550,0.018550,8.000,-0.018550,0.000000,-0.000000,-0.012,0.019,0.000000,0.000000,0.000000,0.000000,0.000000,0.000000,0,0.00
0.348000,0.012,0.018541,0.018541,8.000,-0.018541,0.000000,-0.000000,-0.012,0.019,0.000000,0.000000,0.000000,0.000000,0.000000,0.000000,0,0.00
0.352000,0.012,0.018539,0.018539,8.000,-0.018539,0.000000,-0.000000,-0.012,0.019,0.000000,0.000000,0.000000,0.000000,0.000000,0.000000,0,0.00
0.356000,0.012,0.018543,0.018543,8.000,-0.018543,0.000000,-0.000000,-0.012,0.019,0.000000,0.000000,0.000000,0.000000,0.000000,0.000000,0,0.00
0.360000,0.012,0.018553,0.018553,8.000,-0.018553,0.000000,0.000000,-0.012,0.019,0.000000,0.000000,0.000000,0.000000,0.000000,0.000000,0,0.00
0.364000,0.012,0.018567,0.018567,8.000,-0.018567,0.000000,-0.000000,-0.012,0.019,0.000000,0.000000,0.000000,0.000000,0.000000,0.000000,0,0.00
0.368000,0.012,0.018581,0.018581,8.000,-0.018581,0.000000,-0.000000,-0.012,0.019,0.000000,0.000000,0.000000,0.000000,0.000000,0.000000,0,0.00
0.372000,0.012,0.018596,0.018596,8.000,-0.018596,0.000000,-0.000000,-0.012,0.019,0.000000,0.000000,0.000000,0.000000,0.000000,0.000000,0,0.00
0.376000,0.012,0.018317,0.018317,8.000,-0.018317,0.000000,0.000000,-0.012,0.018,0.000000,0.000000,0.000000,0.000000,0.000000,0.000000,0,0.00
0.380000,0.012,0.017652,0.017652,8.000,-0.017652,0.000000,0.000000,-0.012,0.018,0.000000,0.000000,0.000000,0.000000,0.000000,0.000000,0,0.00
0.384000,0.011,0.016716,0.016716,8.000,-0.016716,0.000000,0.000000,-0.012,0.017,0.000000,0.000000,0.000000,0.000000,0.000000,0.000000,0,0.00
0.388000,0.011,0.015881,0.015881,8.000,-0.015881,0.000000,0.000000,-0.012,0.016,0.000000,0.000000,0.000000,0.000000,0.000000,0.000000,0,0.00
0.392000,0.010,0.015291,0.015291,8.000,-0.015291,0.000000,0.000000,-0.012,0.015,0.000000,0.000000,0.000000,0.000000,0.000000,0.000000,0,0.00
0.396000,0.010,0.014938,0.014938,8.000,-0.014938,0.000000,0.000000,-0.012,0.015,0.000000,0.000000,0.000000,0.000000,0.000000,0.000000,0,0.00
0.400000,0.010,0.014761,0.014761,8.000,-0.014761,0.000000,-0.000000,0.000,0.015,0.000000,0.000000,0.000000,0.000000,0.000000,0.000000,0,0.00
0.404000,0.010,0.014695,0.014695,8.000,-0.014695,0.000000,0.000000,0.000,0.015,0.000000,0.000000,0.000000,0.000000,0.000000,0.000000,0,0.00
0.408000,0.010,0.014687,0.014687,8.000,-0.014687,0.000000,0.000000,0.000,0.015,0.000000,0.000000,0.000000,0.000000,0.000000,0.000000,0,0.00
0.412000,0.010,0.014706,0.014706,8.000,-0.014706,0.000000,0.000000,0.000,0.015,0.000000,0.000000,0.000000,0.000000,0.000000,0.000000,0,0.00
0.416000,0.010,0.014732,0.014732,8.000,-0.014732,0.000000,-0.000000,-0.010,0.015,0.000000,0.000000,0.000000,0.000000,0.000000,0.000000,0,0.00
0.420000,0.010,0.014758,0.014758,8.000,-0.014758,0.000000,-0.000000,-0.010,0.015,0.000000,0.000000,0.000000,0.000000,0.000000,0.000000,0,0.00
0.424000,0.010,0.014779,0.014779,8.000,-0.014779,0.000000,-0.000000,-0.010,0.015,0.000000,0.000000,0.000000,0.000000,0.000000,0.000000,0,0.00
0.428000,0.010,0.014795,0.014795,8.000,-0.014795,0.000000,-0.000000,-0.010,0.015,0.000000,0.000000,0.000000,0.000000,0.000000,0.000000,0,0.00
0.432000,0.010,0.014808,0.014808,8.000,-0.014808,0.000000,-0.000000,-0.010,0.015,0.000000,0.000000,0.000000,0.000000,0.000000,0.000000,0,0.00
0.436000,0.010,0.014818,0.014818,8.000,-0.014818,0.000000,-0.000000,-0.010,0.015,0.000000,0.000000,0.000000,0.000000,0.000000,0.000000,0,0.00
0.440000,0.010,0.014826,0.014826,8.000,-0.014826,0.000000,-0.000000,-0.010,0.015,0.000000,0.000000,0.000000,0.000000,0.000000,0.000000,0,0.00
0.444000,0.010,0.014832,0.014832,8.000,-0.014832,0.000000,-0.000000,-0.010,0.015,0.000000,0.000000,0.000000,0.000000,0.000000,0.000000,0,0.00
0.448000,0.010,0.014838,0.014838,8.000,-0.014838,0.000000,-0.000000,-0.010,0.015,0.000000,0.000000,0.000000,0.000000,0.000000,0.000000,0,0.00
0.452000,0.010,0.014843,0.014843,8.000,-0.014843,0.000000,-0.000000,-0.010,0.015,0.000000,0.000000,0.000000,0.000000,0.000000,0.000000,0,0.00
0.456000,0.010,0.014847,0.014847,8.000,-0.014847,0.000000,-0.000000,-0.010,0.015,0.000000,0.000000,0.000000,0.000000,0.000000,0.000000,0,0.00
0.460000,0.010,0.014850,0.014850,8.000,-0.014850,0.000000,-0.000000,-0.010,0.015,0.000000,0.000000,0.000000,0.000000,0.000000,0.000000,0,0.00
0.464000,0.010,0.014852,0.014852,8.000,-0.014852,0.000000,-0.000000,-0.010,0.015,0.000000,0.000000,0.000000,0.000000,0.000000,0.000000,0,0.00
0.468000,0.010,0.014854,0.014854,8.000,-0.014854,0.000000,-0.000000,-0.010,0.015,0.000000,0.000000,0.000000,0.000000,0.000000,0.000000,0,0.00
0.472000,0.010,0.014855,0.014855,8.000,-0.014855,0.000000,-0.000000,-0.010,0.015,0.000000,0.000000,0.000000,0.000000,0.000000,0.000000,0,0.00
0.476000,0.010,0.014855,0.014855,8.000,-0.014855,0.000000,-0.000000,-0.010,0.015,0.000000,0.000000,0.000000,0.000000,0.000000,0.000000,0,0.00
0.480000,0.010,0.014854,0.014854,8.000,-0.014854,0.000000,-0.000000,-0.010,0.015,0.000000,0.000000,0.000000,0.000000,0.000000,0.000000,0,0.00
0.484000,0.010,0.014852,0.014852,8.000,-0.014852,0.000000,-0.000000,-0.010,0.015,0.000000,0.000000,0.000000,0.000000,0.000000,0.000000,0,0.00
0.488000,0.010,0.014849,0.014849,8.000,-0.014849,0.000000,0.000000,-0.010,0.015,0.000000,0.000000,0.000000,0.000000,0.000000,0.000000,0,0.00
0.492000,0.010,0.014845,0.014845,8.000,-0.014845,0.000000,0.000000,-0.010,0.015,0.000000,0.000000,0.000000,0.000000,0.000000,0.000000,0,0.00
0.496000,0.010,0.014840,0.014840,8.000,-0.014840,0.000000,0.000000,-0.010,0.015,0.000000,0.000000,0.000000,0.000000,0.000000,0.000000,0,0.00
0.500000,0.010,0.014835,0.014835,8.000,-0.014835,0.000000,0.000000,-0.010,0.015,0.000000,0.000000,0.000000,0.000000,0.000000,0.000000,0,0.00
0.504000,0.010,0.014828,0.014828,8.000,-0.014828,0.000000,0.000000,-0.010,0.015,0.000000,0.000000,0.000000,0.000000,0.000000,0.000000,0,0.00
0.508000,0.010,0.014821,0.014821,8.000,-0.014821,0.000000,0.000000,-0.010,0.015,0.000000,0.000000,0.000000,0.000000,0.000000,0.000000,0,0.00
0.512000,0.010,0.014813,0.014813,8.000,-0.014813,0.000000,0.000000,-0.010,0.015,0.000000,0.000000,0.000000,0.000000,0.000000,0.000000,0,0.00
0.516000,0.010,0.014804,0.014804,8.000,-0.014804,0.000000,0.000000,-0.010,0.015,0.000000,0.000000,0.000000,0.000000,0.000000,0.000000,0,0.00
0.520000,0.010,0.014795,0.014795,8.000,-0.014795,0.000000,0.000000,-0.010,0.015,0.000000,0.000000,0.000000,0.000000,0.000000,0.000000,0,0.00
0.524000,0.010,0.014785,0.014785,8.000,-0.014785,0.000000,0.000000,-0.010,0.015,0.000000,0.000000,0.000000,0.000000,0.000000,0.000000,0,0.00
0.528000,0.010,0.014774,0.014774,8.000,-0.014774,0.000000,0.000000,-0.010,0.015,0.000000,0.000000,0.000000,0.000000,0.000000,0.000000,0,0.00
0.532000,0.010,0.014762,0.014762,8.000,-0.014762,0.000000,0.000000,-0.010,0.015,0.000000,0.000000,0.000000,0.000000,0.000000,0.000000,0,0.00
0.536000,0.010,0.014750,0.014750,8.000,-0.014750,0.000000,0.000000,-0.010,0.015,0.000000,0.000000,0.000000,0.000000,0.000000,0.000000,0,0.00
0.540000,0.010,0.014737,0.014737,8.000,-0.014737,0.000000,0.000000,-0.010,0.015,0.000000,0.000000,0.000000,0.000000,0.000000,0.000000,0,0.00
0.544000,0.010,0.014724,0.014724,8.000,-0.014724,0.000000,0.000000,-0.010,0.015,0.000000,0.000000,0.000000,0.000000,0.000000,0.000000,0,0.00
0.548000,0.010,0.014709,0.014709,8.000,-0.014709,0.000000,0.000000,-0.010,0.015,0.000000,0.000000,0.000000,0.000000,0.000000,0.000000,0,0.00
0.552000,0.010,0.014694,0.014694,8.000,-0.014694,0.000000,0.000000,-0.010,0.015,0.000000,0.000000,0.000000,0.000000,0.000000,0.000000,0,0.00
0.556000,0.010,0.014679,0.014679,8.000,-0.014679,0.000000,0.000000,-0.010,0.015,0.000000,0.000000,0.000000,0.000000,0.000000,0.000000,0,0.00
0.560000,0.010,0.014662,0.014662,8.000,-0.014662,0.000000,0.000000,-0.010,0.015,0.000000,0.000000,0.000000,0.000000,0.000000,0.000000,0,0.00
0.564000,0.010,0.014646,0.014646,8.000,-0.014646,0.000000,0.000000,-0.010,0.015,0.000000,0.000000,0.000000,0.000000,0.000000,0.000000,0,0.00
0.568000,0.010,0.014628,0.014628,8.000,-0.014628,0.000000,0.000000,-0.010,0.015,0.000000,0.000000,0.000000,0.000000,0.000000,0.000000,0,0.00
0.572000,0.010,0.014610,0.014610,8.000,-0.014610,0.000000,0.000000,-0.010,0.015,0.000000,0.000000,0.000000,0.000000,0.000000,0.000000,0,0.00
0.576000,0.010,0.014591,0.014591,8.000,-0.014591,0.000000,0.000000,-0.010,0.015,0.000000,0.000000,0.000000,0.000000,0.000000,0.000000,0,0.00
0.580000,0.010,0.014572,0.014572,8.000,-0.014572,0.000000,0.000000,-0.010,0.015,0.000000,0.000000,0.000000,0.000000,0.000000,0.000000,0,0.00
0.584000,0.010,0.014552,0.014552,8.000,-0.014552,0.000000,0.000000,-0.010,0.015,0.000000,0.000000,0.000000,0.000000,0.000000,0.000000,0,0.00
0.588000,0.010,0.014531,0.014531,8.000,-0.014531,0.000000,0.000000,-0.010,0.015,0.000000,0.000000,0.000000,0.000000,0.000000,0.000000,0,0.00
0.592000,0.010,0.014510,0.014510,8.000,-0.014510,0.000000,0.000000,-0.010,0.015,0.000000,0.000000,0.000000,0.000000,0.000000,0.000000,0,0.00
0.596000,0.010,0.014488,0.014488,8.000,-0.014488,0.000000,0.000000,-0.010,0.014,0.000000,0.000000,0.000000,0.000000,0.000000,0.000000,0,0.00
0.600000,0.010,0.014466,0.014466,8.000,-0.014466,0.000000,-0.000000,0.000,0.014,0.000000,0.000000,0.000000,0.000000,0.000000,0.000000,0,0.00
0.604000,0.010,0.014443,0.014443,8.000,-0.014443,0.000000,0.000000,0.000,0.014,0.000000,0.000000,0.000000,0.000000,0.000000,0.000000,0,0.00
0.608000,0.010,0.014419,0.014419,8.000,-0.014419,0.000000,0.000000,0.000,0.014,0.000000,0.000000,0.000000,0.000000,0.000000,0.000000,0,0.00
0.612000,0.010,0.014395,0.014395,8.000,-0.014395,0.000000,0.000000,0.000,0.014,0.000000,0.000000,0.000000,0.000000,0.000000,0.000000,0,0.00
0.616000,0.010,0.014370,0.014370,8.000,-0.014370,0.000000,0.000000,-0.010,0.014,0.000000,0.000000,0.000000,0.000000,0.000000,0.000000,0,0.00
0.620000,0.010,0.014345,0.014345,8.000,-0.014345,0.000000,0.000000,-0.010,0.014,0.000000,0.000000,0.000000,0.000000,0.000000,0.000000,0,0.00
0.624000,0.010,0.014320,0.014320,8.000,-0.014320,0.000000,0.000000,-0.010,0.014,0.000000,0.000000,0.000000,0.000000,0.000000,0.000000,0,0.00
0.628000,0.010,0.014293,0.014293,8.000,-0.014293,0.000000,0.000000,-0.010,0.014,0.000000,0.000000,0.000000,0.000000,0.000000,0.000000,0,0.00
0.632000,0.010,0.014267,0.014267,8.000,-0.014267,0.000000,0.000000,-0.010,0.014,0.000000,0.000000,0.000000,0.000000,0.000000,0.000000,0,0.00
0.636000,0.009,0.014240,0.014240,8.000,-0.014240,0.000000,0.000000,-0.010,0.014,0.000000,0.000000,0.000000,0.000000,0.000000,0.000000,0,0.00
0.640000,0.009,0.014212,0.014212,8.000,-0.014212,0.000000,0.000000,-0.010,0.014,0.000000,0.000000,0.000000,0.000000,0.000000,0.000000,0,0.00
0.644000,0.009,0.014184,0.014184,8.000,-0.014184,0.000000,0.000000,-0.010,0.014,0.000000,0.000000,0.000000,0.000000,0.000000,0.000000,0,0.00
0.648000,0.009,0.014156,0.014156,8.000,-0.014156,0.000000,0.000000,-0.010,0.014,0.000000,0.000000,0.000000,0.000000,0.000000,0.000000,0,0.00
0.652000,0.009,0.014127,0.014127,8.000,-0.014127,0.000000,0.000000,-0.009,0.014,0.000000,0.000000,0.000000,0.000000,0.000000,0.000000,0,0.00
0.656000,0.009,0.014098,0.014098,8.000,-0.014098,0.000000,0.000000,-0.009,0.014,0.000000,0.000000,0.000000,0.000000,0.000000,0.000000,0,0.00
0.660000,0.009,0.014068,0.014068,8.000,-0.014068,0.000000,0.000000,-0.009,0.014,0.000000,0.000000,0.000000,0.000000,0.000000,0.000000,0,0.00
0.664000,0.009,0.014038,0.014038,8.000,-0.014038,0.000000,0.000000,-0.009,0.014,0.000000,0.000000,0.000000,0.000000,0.000000,0.000000,0,0.00
0.668000,0.009,0.014008,0.014008,8.000,-0.014008,0.000000,0.000000,-0.009,0.014,0.000000,0.000000,0.000000,0.000000,0.000000,0.000000,0,0.00
0.672000,0.009,0.013977,0.013977,8.000,-0.013977,0.000000,0.000000,-0.009,0.014,0.000000,0.000000,0.000000,0.000000,0.000000,0.000000,0,0.00
0.676000,0.009,0.013946,0.013946,8.000,-0.013946,0.000000,0.000000,-0.009,0.014,0.000000,0.000000,0.000000,0.000000,0.000000,0.000000,0,0.00
0.680000,0.009,0.013914,0.013914,8.000,-0.013914,0.000000,0.000000,-0.009,0.014,0.000000,0.000000,0.000000,0.000000,0.000000,0.000000,0,0.00
0.684000,0.009,0.013883,0.013883,8.000,-0.013883,0.000000,0.000000,-0.009,0.014,0.000000,0.000000,0.000000,0.000000,0.000000,0.000000,0,0.00
0.688000,0.009,0.013851,0.013851,8.000,-0.013851,0.000000,0.000000,-0.009,0.014,0.000000,0.000000,0.000000,0.000000,0.000000,0.000000,0,0.00
0.692000,0.009,0.013819,0.013819,8.000,-0.013819,0.000000,0.000000,-0.009,0.014,0.000000,0.000000,0.000000,0.000000,0.000000,0.000000,0,0.00
0.696000,0.009,0.013786,0.013786,8.000,-0.013786,0.000000,0.000000,-0.009,0.014,0.000000,0.000000,0.000000,0.000000,0.000000,0.000000,0,0.00
0.700000,0.009,0.013754,0.013754,8.000,-0.013754,0.000000,0.000000,-0.009,0.014,0.000000,0.000000,0.000000,0.000000,0.000000,0.000000,0,0.00
0.704000,0.009,0.013721,0.013721,8.000,-0.013721,0.000000,0.000000,-0.009,0.014,0.000000,0.000000,0.000000,0.000000,0.000000,0.000000,0,0.00
0.708000,0.009,0.013688,0.013688,8.000,-0.013688,0.000000,0.000000,-0.009,0.014,0.000000,0.000000,0.000000,0.000000,0.000000,0.000000,0,0.00
0.712000,0.009,0.013655,0.013655,8.000,-0.013655,0.000000,0.000000,-0.009,0.014,0.000000,0.000000,0.000000,0.000000,0.000000,0.000000,0,0.00
0.716000,0.009,0.013621,0.013621,8.000,-0.013621,0.000000,0.000000,-0.009,0.014,0.000000,0.000000,0.000000,0.000000,0.000000,0.000000,0,0.00
0.720000,0.009,0.013588,0.013588,8.000,-0.013588,0.000000,0.000000,-0.009,0.014,0.000000,0.000000,0.000000,0.000000,0.000000,0.000000,0,0.00
0.724000,0.009,0.013554,0.013554,8.000,-0.013554,0.000000,0.000000,-0.009,0.014,0.000000,0.000000,0.000000,0.000000,0.000000,0.000000,0,0.00
0.728000,0.009,0.013520,0.013520,8.000,-0.013520,0.000000,0.000000,-0.009,0.014,0.000000,0.000000,0.000000,0.000000,0.000000,0.000000,0,0.00
0.732000,0.009,0.013487,0.013487,8.000,-0.013487,0.000000,0.000000,-0.009,0.013,0.000000,0.000000,0.000000,0.000000,0.000000,0.000000,0,0.00
0.736000,0.009,0.013453,0.013453,8.000,-0.013453,0.000000,0.000000,-0.009,0.013,0.000000,0.000000,0.000000,0.000000,0.000000,0.000000,0,0.00
0.740000,0.009,0.013419,0.013419,8.000,-0.013419,0.000000,0.000000,-0.009,0.013,0.000000,0.000000,0.000000,0.000000,0.000000,0.000000,0,0.00
0.744000,0.009,0.013384,0.013384,8.000,-0.013384,0.000000,0.000000,-0.009,0.013,0.000000,0.000000,0.000000,0.000000,0.000000,0.000000,0,0.00
0.748000,0.009,0.013350,0.013350,8.000,-0.013350,0.000000,0.000000,-0.009,0.013,0.000000,0.000000,0.000000,0.000000,0.000000,0.000000,0,0.00
0.752000,0.009,0.013316,0.013316,8.000,-0.013316,0.000000,0.000000,-0.009,0.013,0.000000,0.000000,0.000000,0.000000,0.000000,0.000000,0,0.00
0.756000,0.009,0.013282,0.013282,8.000,-0.013282,0.000000,0.000000,-0.009,0.013,0.000000,0.000000,0.000000,0.000000,0.000000,0.000000,0,0.00
0.760000,0.009,0.013248,0.013248,8.000,-0.013248,0.000000,0.000000,-0.009,0.013,0.000000,0.000000,0.000000,0.000000,0.000000,0.000000,0,0.00
0.764000,0.009,0.013214,0.013214,8.000,-0.013214,0.000000,0.000000,-0.009,0.013,0.000000,0.000000,0.000000,0.000000,0.000000,0.000000,0,0.00
0.768000,0.009,0.013179,0.013179,8.000,-0.013179,0.000000,0.000000,-0.009,0.013,0.000000,0.000000,0.000000,0.000000,0.000000,0.000000,0,0.00
0.772000,0.009,0.013145,0.013145,8.000,-0.013145,0.000000,0.000000,-0.009,0.013,0.000000,0.000000,0.000000,0.000000,0.000000,0.000000,0,0.00
0.776000,0.009,0.013111,0.013111,8.000,-0.013111,0.000000,0.000000,-0.009,0.013,0.000000,0.000000,0.000000,0.000000,0.000000,0.000000,0,0.00
0.780000,0.009,0.013077,0.013077,8.000,-0.013077,0.000000,0.000000,-0.009,0.013,0.000000,0.000000,0.000000,0.000000,0.000000,0.000000,0,0.00
0.784000,0.009,0.013043,0.013043,8.000,-0.013043,0.000000,0.000000,-0.009,0.013,0.000000,0.000000,0.000000,0.000000,0.000000,0.000000,0,0.00
0.788000,0.009,0.013010,0.013010,8.000,-0.013010,0.000000,0.000000,-0.009,0.013,0.000000,0.000000,0.000000,0.000000,0.000000,0.000000,0,0.00
0.792000,0.009,0.012976,0.012976,8.000,-0.012976,0.000000,0.000000,-0.009,0.013,0.000000,0.000000,0.000000,0.000000,0.000000,0.000000,0,0.00
0.796000,0.009,0.012942,0.012942,8.000,-0.012942,0.000000,0.000000,-0.009,0.013,0.000000,0.000000,0.000000,0.000000,0.000000,0.000000,0,0.00
0.800000,0.009,0.012909,0.012909,8.000,-0.012909,0.000000,-0.000000,0.000,0.013,0.000000,0.000000,0.000000,0.000000,0.000000,0.000000,0,0.00
0.804000,0.009,0.012875,0.012875,8.000,-0.012875,0.000000,0.000000,0.000,0.013,0.000000,0.000000,0.000000,0.000000,0.000000,0.000000,0,0.00
0.808000,0.009,0.012842,0.012842,8.000,-0.012842,0.000000,0.000000,0.000,0.013,0.000000,0.000000,0.000000,0.000000,0.000000,0.000000,0,0.00
0.812000,0.009,0.012809,0.012809,8.000,-0.012809,0.000000,0.000000,0.000,0.013,0.000000,0.000000,0.000000,0.000000,0.000000,0.000000,0,0.00
0.816000,0.009,0.012776,0.012776,8.000,-0.012776,0.000000,0.000000,-0.009,0.013,0.000000,0.000000,0.000000,0.000000,0.000000,0.000000,0,0.00
0.820000,0.008,0.012743,0.012743,8.000,-0.012743,0.000000,0.000000,-0.009,0.013,0.000000,0.000000,0.000000,0.000000,0.000000,0.000000,0,0.00
0.824000,0.008,0.012710,0.012710,8.000,-0.012710,0.000000,0.000000,-0.009,0.013,0.000000,0.000000,0.000000,0.000000,0.000000,0.000000,0,0.00
0.828000,0.008,0.012678,0.012678,8.000,-0.012678,0.000000,0.000000,-0.009,0.013,0.000000,0.000000,0.000000,0.000000,0.000000,0.000000,0,0.00
0.832000,0.008,0.012645,0.012645,8.000,-0.012645,0.000000,0.000000,-0.009,0.013,0.000000,0.000000,0.000000,0.000000,0.000000,0.000000,0,0.00
0.836000,0.008,0.012613,0.012613,8.000,-0.012613,0.000000,0.000000,-0.008,0.013,0.000000,0.000000,0.000000,0.000000,0.000000,0.000000,0,0.00
0.840000,0.008,0.012581,0.012581,8.000,-0.012581,0.000000,0.000000,-0.008,0.013,0.000000,0.000000,0.000000,0.000000,0.000000,0.000000,0,0.00
0.844000,0.008,0.012550,0.012550,8.000,-0.012550,0.000000,0.000000,-0.008,0.013,0.000000,0.000000,0.000000,0.000000,0.000000,0.000000,0,0.00
0.848000,0.008,0.012518,0.012518,8.000,-0.012518,0.000000,0.000000,-0.008,0.013,0.000000,0.000000,0.000000,0.000000,0.000000,0.000000,0,0.00
0.852000,0.008,0.012487,0.012487,8.000,-0.012487,0.000000,0.000000,-0.008,0.012,0.000000,0.000000,0.000000,0.000000,0.000000,0.000000,0,0.00
0.856000,0.008,0.012455,0.012455,8.000,-0.012455,0.000000,0.000000,-0.008,0.012,0.000000,0.000000,0.000000,0.000000,0.000000,0.000000,0,0.00
0.860000,0.008,0.012424,0.012424,8.000,-0.012424,0.000000,0.000000,-0.008,0.012,0.000000,0.000000,0.000000,0.000000,0.000000,0.000000,0,0.00
0.864000,0.008,0.012394,0.012394,8.000,-0.012394,0.000000,0.000000,-0.008,0.012,0.000000,0.000000,0.000000,0.000000,0.000000,0.000000,0,0.00
0.868000,0.008,0.012363,0.012363,8.000,-0.012363,0.000000,0.000000,-0.008,0.012,0.000000,0.000000,0.000000,0.000000,0.000000,0.000000,0,0.00
0.872000,0.008,0.012333,0.012333,8.000,-0.012333,0.000000,0.000000,-0.008,0.012,0.000000,0.000000,0.000000,0.000000,0.000000,0.000000,0,0.00
0.876000,0.008,0.012302,0.012302,8.000,-0.012302,0.000000,0.000000,-0.008,0.012,0.000000,0.000000,0.000000,0.000000,0.000000,0.000000,0,0.00
0.880000,0.008,0.012272,0.012272,8.000,-0.012272,0.000000,0.000000,-0.008,0.012,0.000000,0.000000,0.000000,0.000000,0.000000,0.000000,0,0.00
0.884000,0.008,0.012243,0.012243,8.000,-0.012243,0.000000,0.000000,-0.008,0.012,0.000000,0.000000,0.000000,0.000000,0.000000,0.000000,0,0.00
0.888000,0.008,0.012213,0.012213,8.000,-0.012213,0.000000,0.000000,-0.008,0.012,0.000000,0.000000,0.000000,0.000000,0.000000,0.000000,0,0.00
0.892000,0.008,0.012184,0.012184,8.000,-0.012184,0.000000,0.000000,-0.008,0.012,0.000000,0.000000,0.000000,0.000000,0.000000,0.000000,0,0.00
0.896000,0.008,0.012154,0.012154,8.000,-0.012154,0.000000,0.000000,-0.008,0.012,0.000000,0.000000,0.000000,0.000000,0.000000,0.000000,0,0.00
0.900000,0.008,0.012125,0.012125,8.000,-0.012125,0.000000,0.000000,-0.008,0.012,0.000000,0.000000,0.000000,0.000000,0.000000,0.000000,0,0.00
0.904000,0.008,0.012097,0.012097,8.000,-0.012097,0.000000,0.000000,-0.008,0.012,0.000000,0.000000,0.000000,0.000000,0.000000,0.000000,0,0.00
0.908000,0.008,0.012068,0.012068,8.000,-0.012068,0.000000,0.000000,-0.008,0.012,0.000000,0.000000,0.000000,0.000000,0.000000,0.000000,0,0.00
0.912000,0.008,0.012039,0.012039,8.000,-0.012039,0.000000,0.000000,-0.008,0.012,0.000000,0.000000,0.000000,0.000000,0.000000,0.000000,0,0.00
0.916000,0.008,0.012011,0.012011,8.000,-0.012011,0.000000,0.000000,-0.008,0.012,0.000000,0.000000,0.000000,0.000000,0.000000,0.000000,0,0.00
0.920000,0.008,0.011983,0.011983,8.000,-0.011983,0.000000,0.000000,-0.008,0.012,0.000000,0.000000,0.000000,0.000000,0.000000,0.000000,0,0.00
0.924000,0.008,0.011955,0.011955,8.000,-0.011955,0.000000,0.000000,-0.008,0.012,0.000000,0.000000,0.000000,0.000000,0.000000,0.000000,0,0.00
0.928000,0.008,0.011927,0.011927,8.000,-0.011927,0.000000,0.000000,-0.008,0.012,0.000000,0.000000,0.000000,0.000000,0.000000,0.000000,0,0.00
0.932000,0.008,0.011899,0.011899,8.000,-0.011899,0.000000,0.000000,-0.008,0.012,0.000000,0.000000,0.000000,0.000000,0.000000,0.000000,0,0.00
0.936000,0.008,0.011872,0.011872,8.000,-0.011872,0.000000,0.000000,-0.008,0.012,0.000000,0.000000,0.000000,0.000000,0.000000,0.000000,0,0.00
0.940000,0.008,0.011844,0.011844,8.000,-0.011844,0.000000,0.000000,-0.008,0.012,0.000000,0.000000,0.000000,0.000000,0.000000,0.000000,0,0.00
0.944000,0.008,0.011817,0.011817,8.000,-0.011817,0.000000,0.000000,-0.008,0.012,0.000000,0.000000,0.000000,0.000000,0.000000,0.000000,0,0.00
0.948000,0.008,0.011789,0.011789,8.000,-0.011789,0.000000,0.000000,-0.008,0.012,0.000000,0.000000,0.000000,0.000000,0.000000,0.000000,0,0.00
0.952000,0.008,0.011762,0.011762,8.000,-0.011762,0.000000,0.000000,-0.008,0.012,0.000000,0.000000,0.000000,0.000000,0.000000,0.000000,0,0.00
0.956000,0.008,0.011735,0.011735,8.000,-0.011735,0.000000,0.000000,-0.008,0.012,0.000000,0.000000,0.000000,0.000000,0.000000,0.000000,0,0.00
0.960000,0.008,0.011708,0.011708,8.000,-0.011708,0.000000,0.000000,-0.008,0.012,0.000000,0.000000,0.000000,0.000000,0.000000,0.000000,0,0.00
0.964000,0.008,0.011681,0.011681,8.000,-0.011681,0.000000,0.000000,-0.008,0.012,0.000000,0.000000,0.000000,0.000000,0.000000,0.000000,0,0.00
0.968000,0.008,0.011654,0.011654,8.000,-0.011654,0.000000,0.000000,-0.008,0.012,0.000000,0.000000,0.000000,0.000000,0.000000,0.000000,0,0.00
0.972000,0.008,0.011627,0.011627,8.000,-0.011627,0.000000,0.000000,-0.008,0.012,0.000000,0.000000,0.000000,0.000000,0.000000,0.000000,0,0.00
0.976000,0.008,0.011600,0.011600,8.000,-0.011600,0.000000,0.000000,-0.008,0.012,0.000000,0.000000,0.000000,0.000000,0.000000,0.000000,0,0.00
0.980000,0.008,0.011573,0.011573,8.000,-0.011573,0.000000,0.000000,-0.008,0.012,0.000000,0.000000,0.000000,0.000000,0.000000,0.000000,0,0.00
0.984000,0.008,0.011546,0.011546,8.000,-0.011546,0.000000,0.000000,-0.008,0.012,0.000000,0.000000,0.000000,0.000000,0.000000,0.000000,0,0.00
0.988000,0.008,0.011519,0.011519,8.000,-0.011519,0.000000,0.000000,-0.008,0.012,0.000000,0.000000,0.000000,0.000000,0.000000,0.000000,0,0.00
0.992000,0.008,0.011492,0.011492,8.000,-0.011492,0.000000,0.000000,-0.008,0.011,0.000000,0.000000,0.000000,0.000000,0.000000,0.000000,0,0.00
0.996000,0.008,0.011465,0.011465,8.000,-0.011465,0.000000,0.000000,-0.008,0.011,0.000000,0.000000,0.000000,0.000000,0.000000,0.000000,0,0.00
1.000000,0.008,0.011438,0.011438,8.000,-0.011438,0.000000,-0.000000,0.000,0.011,0.000000,0.000000,0.000000,0.000000,0.000000,0.000000,0,0.00
1.004000,0.008,0.011411,0.011411,8.000,-0.011411,0.000000,0.000000,0.000,0.011,0.000000,0.000000,0.000000,0.000000,0.000000,0.000000,0,0.00
1.008000,0.008,0.011384,0.011384,8.000,-0.011384,0.000000,0.000000,0.000,0.011,0.000000,0.000000,0.000000,0.000000,0.000000,0.000000,0,0.00
1.012000,0.008,0.011356,0.011356,8.000,-0.011356,0.000000,0.000000,0.000,0.011,0.000000,0.000000,0.000000,0.000000,0.000000,0.000000,0,0.00
1.016000,0.008,0.011329,0.011329,8.000,-0.011329,0.000000,0.000000,-0.008,0.011,0.000000,0.000000,0.000000,0.000000,0.000000,0.000000,0,0.00
1.020000,0.008,0.011301,0.011301,8.000,-0.011301,0.000000,0.000000,-0.008,0.011,0.000000,0.000000,0.000000,0.000000,0.000000,0.000000,0,0.00
1.024000,0.008,0.011273,0.011273,8.000,-0.011273,0.000000,0.000000,-0.008,0.011,0.000000,0.000000,0.000000,0.000000,0.000000,0.000000,0,0.00
1.028000,0.007,0.011245,0.011245,8.000,-0.011245,0.000000,0.000000,-0.008,0.011,0.000000,0.000000,0.000000,0.000000,0.000000,0.000000,0,0.00
1.032000,0.007,0.011217,0.011217,8.000,-0.011217,0.000000,0.000000,-0.008,0.011,0.000000,0.000000,0.000000,0.000000,0.000000,0.000000,0,0.00
1.036000,0.007,0.011189,0.011189,8.000,-0.011189,0.000000,0.000000,-0.008,0.011,0.000000,0.000000,0.000000,0.000000,0.000000,0.000000,0,0.00
1.040000,0.007,0.011160,0.011160,8.000,-0.011160,0.000000,0.000000,-0.008,0.011,0.000000,0.000000,0.000000,0.000000,0.000000,0.000000,0,0.00
1.044000,0.007,0.011131,0.011131,8.000,-0.011131,0.000000,0.000000,-0.007,0.011,0.000000,0.000000,0.000000,0.000000,0.000000,0.000000,0,0.00
1.048000,0.007,0.011102,0.011102,8.000,-0.011102,0.000000,0.000000,-0.007,0.011,0.000000,0.000000,0.000000,0.000000,0.000000,0.000000,0,0.00
1.052000,0.007,0.011073,0.011073,8.000,-0.011073,0.000000,0.000000,-0.007,0.011,0.000000,0.000000,0.000000,0.000000,0.000000,0.000000,0,0.00
1.056000,0.007,0.011043,0.011043,8.000,-0.011043,0.000000,0.000000,-0.007,0.011,0.000000,0.000000,0.000000,0.000000,0.000000,0.000000,0,0.00
1.060000,0.007,0.011013,0.011013,8.000,-0.011013,0.000000,0.000000,-0.007,0.011,0.000000,0.000000,0.000000,0.000000,0.000000,0.000000,0,0.00
1.064000,0.007,0.010983,0.010983,8.000,-0.010983,0.000000,0.000000,-0.007,0.011,0.000000,0.000000,0.000000,0.000000,0.000000,0.000000,0,0.00
1.068000,0.007,0.010952,0.010952,8.000,-0.010952,0.000000,0.000000,-0.007,0.011,0.000000,0.000000,0.000000,0.000000,0.000000,0.000000,0,0.00
1.072000,0.007,0.010921,0.010921,8.000,-0.010921,0.000000,0.000000,-0.007,0.011,0.000000,0.000000,0.000000,0.000000,0.000000,0.000000,0,0.00
1.076000,0.007,0.010890,0.010890,8.000,-0.010890,0.000000,0.000000,-0.007,0.011,0.000000,0.000000,0.000000,0.000000,0.000000,0.000000,0,0.00
1.080000,0.007,0.010858,0.010858,8.000,-0.010858,0.000000,0.000000,-0.007,0.011,0.000000,0.000000,0.000000,0.000000,0.000000,0.000000,0,0.00
1.084000,0.007,0.010826,0.010826,8.000,-0.010826,0.000000,0.000000,-0.007,0.011,0.000000,0.000000,0.000000,0.000000,0.000000,0.000000,0,0.00
1.088000,0.007,0.010793,0.010793,8.000,-0.010793,0.000000,0.000000,-0.007,0.011,0.000000,0.000000,0.000000,0.000000,0.000000,0.000000,0,0.00
1.092000,0.007,0.010760,0.010760,8.000,-0.010760,0.000000,0.000000,-0.007,0.011,0.000000,0.000000,0.000000,0.000000,0.000000,0.000000,0,0.00
1.096000,0.007,0.010727,0.010727,8.000,-0.010727,0.000000,0.000000,-0.007,0.011,0.000000,0.000000,0.000000,0.000000,0.000000,0.000000,0,0.00
1.100000,0.007,0.010693,0.010693,8.000,-0.010693,0.000000,0.000000,-0.007,0.011,0.000000,0.000000,0.000000,0.000000,0.000000,0.000000,0,0.00
1.104000,0.007,0.010659,0.010659,8.000,-0.010659,0.000000,0.000000,-0.007,0.011,0.000000,0.000000,0.000000,0.000000,0.000000,0.000000,0,0.00
1.108000,0.007,0.010624,0.010624,8.000,-0.010624,0.000000,0.000000,-0.007,0.011,0.000000,0.000000,0.000000,0.000000,0.000000,0.000000,0,0.00
1.112000,0.007,0.010589,0.010589,8.000,-0.010589,0.000000,0.000000,-0.007,0.011,0.000000,0.000000,0.000000,0.000000,0.000000,0.000000,0,0.00
1.116000,0.007,0.010553,0.010553,8.000,-0.010553,0.000000,0.000000,-0.007,0.011,0.000000,0.000000,0.000000,0.000000,0.000000,0.000000,0,0.00
1.120000,0.007,0.010517,0.010517,8.000,-0.010517,0.000000,0.000000,-0.007,0.011,0.000000,0.000000,0.000000,0.000000,0.000000,0.000000,0,0.00
1.124000,0.007,0.010480,0.010480,8.000,-0.010480,0.000000,0.000000,-0.007,0.010,0.000000,0.000000,0.000000,0.000000,0.000000,0.000000,0,0.00
1.128000,0.007,0.010442,0.010442,8.000,-0.010442,0.000000,0.000000,-0.007,0.010,0.000000,0.000000,0.000000,0.000000,0.000000,0.000000,0,0.00
1.132000,0.007,0.010404,0.010404,8.000,-0.010404,0.000000,0.000000,-0.007,0.010,0.000000,0.000000,0.000000,0.000000,0.000000,0.000000,0,0.00
1.136000,0.007,0.010366,0.010366,8.000,-0.010366,0.000000,0.000000,-0.007,0.010,0.000000,0.000000,0.000000,0.000000,0.000000,0.000000,0,0.00
1.140000,0.007,0.010327,0.010327,8.000,-0.010327,0.000000,0.000000,-0.007,0.010,0.000000,0.000000,0.000000,0.000000,0.000000,0.000000,0,0.00
1.144000,0.007,0.010287,0.010287,8.000,-0.010287,0.000000,0.000000,-0.007,0.010,0.000000,0.000000,0.000000,0.000000,0.000000,0.000000,0,0.00
1.148000,0.007,0.010247,0.010247,8.000,-0.010247,0.000000,0.000000,-0.007,0.010,0.000000,0.000000,0.000000,0.000000,0.000000,0.000000,0,0.00
1.152000,0.007,0.010206,0.010206,8.000,-0.010206,0.000000,0.000000,-0.007,0.010,0.000000,0.000000,0.000000,0.000000,0.000000,0.000000,0,0.00
1.156000,0.007,0.010164,0.010164,8.000,-0.010164,0.000000,0.000000,-0.007,0.010,0.000000,0.000000,0.000000,0.000000,0.000000,0.000000,0,0.00
1.160000,0.007,0.010122,0.010122,8.000,-0.010122,0.000000,0.000000,-0.007,0.010,0.000000,0.000000,0.000000,0.000000,0.000000,0.000000,0,0.00
1.164000,0.007,0.010079,0.010079,8.000,-0.010079,0.000000,0.000000,-0.007,0.010,0.000000,0.000000,0.000000,0.000000,0.000000,0.000000,0,0.00
1.168000,0.007,0.010035,0.010035,8.000,-0.010035,0.000000,0.000000,-0.007,0.010,0.000000,0.000000,0.000000,0.000000,0.000000,0.000000,0,0.00
1.172000,0.007,0.009991,0.009991,8.000,-0.009991,0.000000,0.000000,-0.007,0.010,0.000000,0.000000,0.000000,0.000000,0.000000,0.000000,0,0.00
1.176000,0.007,0.009947,0.009947,8.000,-0.009947,0.000000,0.000000,-0.007,0.010,0.000000,0.000000,0.000000,0.000000,0.000000,0.000000,0,0.00
1.180000,0.007,0.009901,0.009901,8.000,-0.009901,0.000000,0.000000,-0.007,0.010,0.000000,0.000000,0.000000,0.000000,0.000000,0.000000,0,0.00
1.184000,0.007,0.009855,0.009855,8.000,-0.009855,0.000000,0.000000,-0.007,0.010,0.000000,0.000000,0.000000,0.000000,0.000000,0.000000,0,0.00
1.188000,0.007,0.009808,0.009808,8.000,-0.009808,0.000000,0.000000,-0.007,0.010,0.000000,0.000000,0.000000,0.000000,0.000000,0.000000,0,0.00
1.192000,0.007,0.009761,0.009761,8.000,-0.009761,0.000000,0.000000,-0.007,0.010,0.000000,0.000000,0.000000,0.000000,0.000000,0.000000,0,0.00
1.196000,0.006,0.009713,0.009713,8.000,-0.009713,0.000000,0.000000,-0.007,0.010,0.000000,0.000000,0.000000,0.000000,0.000000,0.000000,0,0.00
1.200000,0.006,0.009664,0.009664,8.000,-0.009664,0.000000,-0.000000,0.000,0.010,0.000000,0.000000,0.000000,0.000000,0.000000,0.000000,0,0.00
1.204000,0.006,0.009614,0.009614,8.000,-0.009614,0.000000,0.000000,0.000,0.010,0.000000,0.000000,0.000000,0.000000,0.000000,0.000000,0,0.00
1.208000,0.006,0.009564,0.009564,8.000,-0.009564,0.000000,0.000000,0.000,0.010,0.000000,0.000000,0.000000,0.000000,0.000000,0.000000,0,0.00
1.212000,0.006,0.009513,0.009513,8.000,-0.009513,0.000000,0.000000,0.000,0.010,0.000000,0.000000,0.000000,0.000000,0.000000,0.000000,0,0.00
1.216000,0.006,0.009462,0.009462,8.000,-0.009462,0.000000,0.000000,-0.006,0.009,0.000000,0.000000,0.000000,0.000000,0.000000,0.000000,0,0.00
1.220000,0.006,0.009410,0.009410,8.000,-0.009410,0.000000,0.000000,-0.006,0.009,0.000000,0.000000,0.000000,0.000000,0.000000,0.000000,0,0.00
1.224000,0.006,0.009357,0.009357,8.000,-0.009357,0.000000,0.000000,-0.006,0.009,0.000000,0.000000,0.000000,0.000000,0.000000,0.000000,0,0.00
1.228000,0.006,0.009304,0.009304,8.000,-0.009304,0.000000,0.000000,-0.006,0.009,0.000000,0.000000,0.000000,0.000000,0.000000,0.000000,0,0.00
1.232000,0.006,0.009249,0.009249,8.000,-0.009249,0.000000,0.000000,-0.006,0.009,0.000000,0.000000,0.000000,0.000000,0.000000,0.000000,0,0.00
1.236000,0.006,0.009195,0.009195,8.000,-0.009195,0.000000,0.000000,-0.006,0.009,0.000000,0.000000,0.000000,0.000000,0.000000,0.000000,0,0.00
1.240000,0.006,0.009139,0.009139,8.000,-0.009139,0.000000,0.000000,-0.006,0.009,0.000000,0.000000,0.000000,0.000000,0.000000,0.000000,0,0.00
1.244000,0.006,0.009083,0.009083,8.000,-0.009083,0.000000,0.000000,-0.006,0.009,0.000000,0.000000,0.000000,0.000000,0.000000,0.000000,0,0.00
1.248000,0.006,0.009027,0.009027,8.000,-0.009027,0.000000,0.000000,-0.006,0.009,0.000000,0.000000,0.000000,0.000000,0.000000,0.000000,0,0.00
1.252000,0.006,0.008969,0.008969,8.000,-0.008969,0.000000,0.000000,-0.006,0.009,0.000000,0.000000,0.000000,0.000000,0.000000,0.000000,0,0.00
1.256000,0.006,0.008912,0.008912,8.000,-0.008912,0.000000,0.000000,-0.006,0.009,0.000000,0.000000,0.000000,0.000000,0.000000,0.000000,0,0.00
1.260000,0.006,0.008853,0.008853,8.000,-0.008853,0.000000,0.000000,-0.006,0.009,0.000000,0.000000,0.000000,0.000000,0.000000,0.000000,0,0.00
1.264000,0.006,0.008794,0.008794,8.000,-0.008794,0.000000,0.000000,-0.006,0.009,0.000000,0.000000,0.000000,0.000000,0.000000,0.000000,0,0.00
1.268000,0.006,0.008735,0.008735,8.000,-0.008735,0.000000,0.000000,-0.006,0.009,0.000000,0.000000,0.000000,0.000000,0.000000,0.000000,0,0.00
1.272000,0.006,0.008675,0.008675,8.000,-0.008675,0.000000,0.000000,-0.006,0.009,0.000000,0.000000,0.000000,0.000000,0.000000,0.000000,0,0.00
1.276000,0.006,0.008614,0.008614,8.000,-0.008614,0.000000,0.000000,-0.006,0.009,0.000000,0.000000,0.000000,0.000000,0.000000,0.000000,0,0.00
1.280000,0.006,0.008553,0.008553,8.000,-0.008553,0.000000,0.000000,-0.006,0.009,0.000000,0.000000,0.000000,0.000000,0.000000,0.000000,0,0.00
1.284000,0.006,0.008492,0.008492,8.000,-0.008492,0.000000,0.000000,-0.006,0.008,0.000000,0.000000,0.000000,0.000000,0.000000,0.000000,0,0.00
1.288000,0.006,0.008430,0.008430,8.000,-0.008430,0.000000,0.000000,-0.006,0.008,0.000000,0.000000,0.000000,0.000000,0.000000,0.000000,0,0.00
1.292000,0.006,0.008367,0.008367,8.000,-0.008367,0.000000,0.000000,-0.006,0.008,0.000000,0.000000,0.000000,0.000000,0.000000,0.000000,0,0.00
1.296000,0.006,0.008304,0.008304,8.000,-0.008304,0.000000,0.000000,-0.006,0.008,0.000000,0.000000,0.000000,0.000000,0.000000,0.000000,0,0.00
1.300000,0.005,0.008241,0.008241,8.000,-0.008241,0.000000,0.000000,-0.006,0.008,0.000000,0.000000,0.000000,0.000000,0.000000,0.000000,0,0.00
1.304000,0.005,0.008177,0.008177,8.000,-0.008177,0.000000,0.000000,-0.006,0.008,0.000000,0.000000,0.000000,0.000000,0.000000,0.000000,0,0.00
1.308000,0.005,0.008113,0.008113,8.000,-0.008113,0.000000,0.000000,-0.006,0.008,0.000000,0.000000,0.000000,0.000000,0.000000,0.000000,0,0.00
1.312000,0.005,0.008049,0.008049,8.000,-0.008049,0.000000,0.000000,-0.006,0.008,0.000000,0.000000,0.000000,0.000000,0.000000,0.000000,0,0.00
1.316000,0.005,0.007984,0.007984,8.000,-0.007984,0.000000,0.000000,-0.005,0.008,0.000000,0.000000,0.000000,0.000000,0.000000,0.000000,0,0.00
1.320000,0.005,0.007919,0.007919,8.000,-0.007919,0.000000,0.000000,-0.005,0.008,0.000000,0.000000,0.000000,0.000000,0.000000,0.000000,0,0.00
1.324000,0.005,0.007854,0.007854,8.000,-0.007854,0.000000,0.000000,-0.005,0.008,0.000000,0.000000,0.000000,0.000000,0.000000,0.000000,0,0.00
1.328000,0.005,0.007789,0.007789,8.000,-0.007789,0.000000,0.000000,-0.005,0.008,0.000000,0.000000,0.000000,0.000000,0.000000,0.000000,0,0.00
1.332000,0.005,0.007723,0.007723,8.000,-0.007723,0.000000,0.000000,-0.005,0.008,0.000000,0.000000,0.000000,0.000000,0.000000,0.000000,0,0.00
1.336000,0.005,0.007658,0.007658,8.000,-0.007658,0.000000,0.000000,-0.005,0.008,0.000000,0.000000,0.000000,0.000000,0.000000,0.000000,0,0.00
1.340000,0.005,0.007592,0.007592,8.000,-0.007592,0.000000,0.000000,-0.005,0.008,0.000000,0.000000,0.000000,0.000000,0.000000,0.000000,0,0.00
1.344000,0.005,0.007525,0.007525,8.000,-0.007525,0.000000,0.000000,-0.005,0.008,0.000000,0.000000,0.000000,0.000000,0.000000,0.000000,0,0.00
1.348000,0.005,0.007459,0.007459,8.000,-0.007459,0.000000,0.000000,-0.005,0.007,0.000000,0.000000,0.000000,0.000000,0.000000,0.000000,0,0.00
1.352000,0.005,0.007393,0.007393,8.000,-0.007393,0.000000,0.000000,-0.005,0.007,0.000000,0.000000,0.000000,0.000000,0.000000,0.000000,0,0.00
1.356000,0.005,0.007327,0.007327,8.000,-0.007327,0.000000,0.000000,-0.005,0.007,0.000000,0.000000,0.000000,0.000000,0.000000,0.000000,0,0.00
1.360000,0.005,0.007261,0.007261,8.000,-0.007261,0.000000,0.000000,-0.005,0.007,0.000000,0.000000,0.000000,0.000000,0.000000,0.000000,0,0.00
1.364000,0.005,0.007194,0.007194,8.000,-0.007194,0.000000,0.000000,-0.005,0.007,0.000000,0.000000,0.000000,0.000000,0.000000,0.000000,0,0.00
1.368000,0.005,0.007128,0.007128,8.000,-0.007128,0.000000,0.000000,-0.005,0.007,0.000000,0.000000,0.000000,0.000000,0.000000,0.000000,0,0.00
1.372000,0.005,0.007062,0.007062,8.000,-0.007062,0.000000,0.000000,-0.005,0.007,0.000000,0.000000,0.000000,0.000000,0.000000,0.000000,0,0.00
1.376000,0.005,0.006996,0.006996,8.000,-0.006996,0.000000,0.000000,-0.005,0.007,0.000000,0.000000,0.000000,0.000000,0.000000,0.000000,0,0.00
1.380000,0.005,0.006930,0.006930,8.000,-0.006930,0.000000,0.000000,-0.005,0.007,0.000000,0.000000,0.000000,0.000000,0.000000,0.000000,0,0.00
1.384000,0.005,0.006864,0.006864,8.000,-0.006864,0.000000,0.000000,-0.005,0.007,0.000000,0.000000,0.000000,0.000000,0.000000,0.000000,0,0.00
1.388000,0.005,0.006798,0.006798,8.000,-0.006798,0.000000,0.000000,-0.005,0.007,0.000000,0.000000,0.000000,0.000000,0.000000,0.000000,0,0.00
1.392000,0.004,0.006733,0.006733,8.000,-0.006733,0.000000,0.000000,-0.005,0.007,0.000000,0.000000,0.000000,0.000000,0.000000,0.000000,0,0.00
1.396000,0.004,0.006668,0.006668,8.000,-0.006668,0.000000,0.000000,-0.005,0.007,0.000000,0.000000,0.000000,0.000000,0.000000,0.000000,0,0.00
1.400000,0.004,0.006603,0.006603,8.000,-0.006603,0.000000,-0.000000,0.000,0.007,0.000000,0.000000,0.000000,0.000000,0.000000,0.000000,0,0.00
1.404000,0.004,0.006538,0.006538,8.000,-0.006538,0.000000,0.000000,0.000,0.007,0.000000,0.000000,0.000000,0.000000,0.000000,0.000000,0,0.00
1.408000,0.004,0.006474,0.006474,8.000,-0.006474,0.000000,0.000000,0.000,0.006,0.000000,0.000000,0.000000,0.000000,0.000000,0.000000,0,0.00
1.412000,0.004,0.006409,0.006409,8.000,-0.006409,0.000000,0.000000,0.000,0.006,0.000000,0.000000,0.000000,0.000000,0.000000,0.000000,0,0.00
1.416000,0.004,0.006346,0.006346,8.000,-0.006346,0.000000,0.000000,-0.004,0.006,0.000000,0.000000,0.000000,0.000000,0.000000,0.000000,0,0.00
1.420000,0.004,0.006282,0.006282,8.000,-0.006282,0.000000,0.000000,-0.004,0.006,0.000000,0.000000,0.000000,0.000000,0.000000,0.000000,0,0.00
1.424000,0.004,0.006219,0.006219,8.000,-0.006219,0.000000,0.000000,-0.004,0.006,0.000000,0.000000,0.000000,0.000000,0.000000,0.000000,0,0.00
1.428000,0.004,0.006157,0.006157,8.000,-0.006157,0.000000,0.000000,-0.004,0.006,0.000000,0.000000,0.000000,0.000000,0.000000,0.000000,0,0.00
1.432000,0.004,0.006095,0.006095,8.000,-0.006095,0.000000,0.000000,-0.004,0.006,0.000000,0.000000,0.000000,0.000000,0.000000,0.000000,0,0.00
1.436000,0.004,0.006034,0.006034,8.000,-0.006034,0.000000,0.000000,-0.004,0.006,0.000000,0.000000,0.000000,0.000000,0.000000,0.000000,0,0.00
1.440000,0.004,0.005979,0.005979,8.000,-0.005979,0.000000,0.000000,-0.004,0.006,0.000000,0.000000,0.000000,0.000000,0.000000,0.000000,0,0.00
1.444000,0.004,0.005931,0.005931,8.000,-0.005931,0.000000,0.000000,-0.004,0.006,0.000000,0.000000,0.000000,0.000000,0.000000,0.000000,0,0.00
1.448000,0.004,0.005896,0.005896,8.000,-0.005896,0.000000,0.000000,-0.004,0.006,0.000000,0.000000,0.000000,0.000000,0.000000,0.000000,0,0.00
1.452000,0.004,0.005875,0.005875,8.000,-0.005875,0.000000,0.000000,-0.004,0.006,0.000000,0.000000,0.000000,0.000000,0.000000,0.000000,0,0.00
1.456000,0.004,0.005871,0.005871,8.000,-0.005871,0.000000,0.000000,-0.004,0.006,0.000000,0.000000,0.000000,0.000000,0.000000,0.000000,0,0.00
1.460000,0.004,0.005885,0.005885,8.000,-0.005885,0.000000,0.000000,-0.004,0.006,0.000000,0.000000,0.000000,0.000000,0.000000,0.000000,0,0.00
1.464000,0.004,0.005917,0.005917,8.000,-0.005917,0.000000,-0.000000,-0.004,0.006,0.000000,0.000000,0.000000,0.000000,0.000000,0.000000,0,0.00
1.468000,0.004,0.005967,0.005967,8.000,-0.005967,0.000000,-0.000000,-0.004,0.006,0.000000,0.000000,0.000000,0.000000,0.000000,0.000000,0,0.00
1.472000,0.004,0.006037,0.006037,8.000,-0.006037,0.000000,-0.000000,-0.004,0.006,0.000000,0.000000,0.000000,0.000000,0.000000,0.000000,0,0.00
1.476000,0.004,0.006124,0.006124,8.000,-0.006124,0.000000,-0.000000,-0.004,0.006,0.000000,0.000000,0.000000,0.000000,0.000000,0.000000,0,0.00
1.480000,0.004,0.006230,0.006230,8.000,-0.006230,0.000000,-0.000000,-0.004,0.006,0.000000,0.000000,0.000000,0.000000,0.000000,0.000000,0,0.00
1.484000,0.004,0.006353,0.006353,8.000,-0.006353,0.000000,-0.000000,-0.004,0.006,0.000000,0.000000,0.000000,0.000000,0.000000,0.000000,0,0.00
1.488000,0.004,0.006494,0.006494,8.000,-0.006494,0.000000,-0.000000,-0.004,0.006,0.000000,0.000000,0.000000,0.000000,0.000000,0.000000,0,0.00
1.492000,0.004,0.006652,0.006652,8.000,-0.006652,0.000000,-0.000000,-0.004,0.007,0.000000,0.000000,0.000000,0.000000,0.000000,0.000000,0,0.00
1.496000,0.005,0.006826,0.006826,8.000,-0.006826,0.000000,-0.000000,-0.004,0.007,0.000000,0.000000,0.000000,0.000000,0.000000,0.000000,0,0.00
1.500000,0.005,0.007016,0.007016,8.000,-0.007016,0.000000,-0.000000,-0.004,0.007,0.000000,0.000000,0.000000,0.000000,0.000000,0.000000,0,0.00
1.504000,0.005,0.007223,0.007223,8.000,-0.007223,0.000000,-0.000000,-0.004,0.007,0.000000,0.000000,0.000000,0.000000,0.000000,0.000000,0,0.00
1.508000,0.005,0.007445,0.007445,8.000,-0.007445,0.000000,-0.000000,-0.004,0.007,0.000000,0.000000,0.000000,0.000000,0.000000,0.000000,0,0.00
1.512000,0.005,0.007683,0.007683,8.000,-0.007683,0.000000,-0.000000,-0.005,0.008,0.000000,0.000000,0.000000,0.000000,0.000000,0.000000,0,0.00
1.516000,0.005,0.007936,0.007936,8.000,-0.007936,0.000000,-0.000000,-0.005,0.008,0.000000,0.000000,0.000000,0.000000,0.000000,0.000000,0,0.00
1.520000,0.005,0.008205,0.008205,8.000,-0.008205,0.000000,-0.000000,-0.005,0.008,0.000000,0.000000,0.000000,0.000000,0.000000,0.000000,0,0.00
1.524000,0.006,0.008488,0.008488,8.000,-0.008488,0.000000,-0.000000,-0.005,0.008,0.000000,0.000000,0.000000,0.000000,0.000000,0.000000,0,0.00
1.528000,0.006,0.008786,0.008786,8.000,-0.008786,0.000000,-0.000000,-0.005,0.009,0.000000,0.000000,0.000000,0.000000,0.000000,0.000000,0,0.00
1.532000,0.006,0.009097,0.009097,8.000,-0.009097,0.000000,-0.000000,-0.005,0.009,0.000000,0.000000,0.000000,0.000000,0.000000,0.000000,0,0.00
1.536000,0.006,0.009422,0.009422,8.000,-0.009422,0.000000,-0.000000,-0.005,0.009,0.000000,0.000000,0.000000,0.000000,0.000000,0.000000,0,0.00
1.540000,0.007,0.009755,0.009755,8.000,-0.009755,0.000000,-0.000000,-0.006,0.010,0.000000,0.000000,0.000000,0.000000,0.000000,0.000000,0,0.00
1.544000,0.007,0.010092,0.010092,8.000,-0.010092,0.000000,-0.000000,-0.006,0.010,0.000000,0.000000,0.000000,0.000000,0.000000,0.000000,0,0.00
1.548000,0.007,0.010426,0.010426,8.000,-0.010426,0.000000,-0.000000,-0.006,0.010,0.000000,0.000000,0.000000,0.000000,0.000000,0.000000,0,0.00
1.552000,0.007,0.010755,0.010755,8.000,-0.010755,0.000000,-0.000000,-0.006,0.011,0.000000,0.000000,0.000000,0.000000,0.000000,0.000000,0,0.00
1.556000,0.007,0.011072,0.011072,8.000,-0.011072,0.000000,-0.000000,-0.007,0.011,0.000000,0.000000,0.000000,0.000000,0.000000,0.000000,0,0.00
1.560000,0.008,0.011372,0.011372,8.000,-0.011372,0.000000,-0.000000,-0.007,0.011,0.000000,0.000000,0.000000,0.000000,0.000000,0.000000,0,0.00
1.564000,0.008,0.011649,0.011649,8.000,-0.011649,0.000000,-0.000000,-0.007,0.012,0.000000,0.000000,0.000000,0.000000,0.000000,0.000000,0,0.00
1.568000,0.008,0.011901,0.011901,8.000,-0.011901,0.000000,-0.000000,-0.007,0.012,0.000000,0.000000,0.000000,0.000000,0.000000,0.000000,0,0.00
1.572000,0.008,0.012123,0.012123,8.000,-0.012123,0.000000,-0.000000,-0.007,0.012,0.000000,0.000000,0.000000,0.000000,0.000000,0.000000,0,0.00
1.576000,0.008,0.012313,0.012313,8.000,-0.012313,0.000000,-0.000000,-0.008,0.012,0.000000,0.000000,0.000000,0.000000,0.000000,0.000000,0,0.00
1.580000,0.008,0.012470,0.012470,8.000,-0.012470,0.000000,-0.000000,-0.008,0.012,0.000000,0.000000,0.000000,0.000000,0.000000,0.000000,0,0.00
1.584000,0.008,0.012594,0.012594,8.000,-0.012594,0.000000,-0.000000,-0.008,0.013,0.000000,0.000000,0.000000,0.000000,0.000000,0.000000,0,0.00
1.588000,0.008,0.012684,0.012684,8.000,-0.012684,0.000000,-0.000000,-0.008,0.013,0.000000,0.000000,0.000000,0.000000,0.000000,0.000000,0,0.00
1.592000,0.008,0.012740,0.012740,8.000,-0.012740,0.000000,-0.000000,-0.008,0.013,0.000000,0.000000,0.000000,0.000000,0.000000,0.000000,0,0.00
1.596000,0.009,0.012764,0.012764,8.000,-0.012764,0.000000,-0.000000,-0.008,0.013,0.000000,0.000000,0.000000,0.000000,0.000000,0.000000,0,0.00
1.600000,0.009,0.012754,0.012754,8.000,-0.012754,0.000000,-0.000000,0.000,0.013,0.000000,0.000000,0.000000,0.000000,0.000000,0.000000,0,0.00
1.604000,0.008,0.012712,0.012712,8.000,-0.012712,0.000000,0.000000,0.000,0.013,0.000000,0.000000,0.000000,0.000000,0.000000,0.000000,0,0.00
1.608000,0.008,0.012639,0.012639,8.000,-0.012639,0.000000,0.000000,0.000,0.013,0.000000,0.000000,0.000000,0.000000,0.000000,0.000000,0,0.00
1.612000,0.008,0.012534,0.012534,8.000,-0.012534,0.000000,0.000000,0.000,0.013,0.000000,0.000000,0.000000,0.000000,0.000000,0.000000,0,0.00
1.616000,0.008,0.012398,0.012398,8.000,-0.012398,0.000000,0.000000,-0.009,0.012,0.000000,0.000000,0.000000,0.000000,0.000000,0.000000,0,0.00
1.620000,0.008,0.012233,0.012233,8.000,-0.012233,0.000000,0.000000,-0.008,0.012,0.000000,0.000000,0.000000,0.000000,0.000000,0.000000,0,0.00
1.624000,0.008,0.012037,0.012037,8.000,-0.012037,0.000000,0.000000,-0.008,0.012,0.000000,0.000000,0.000000,0.000000,0.000000,0.000000,0,0.00
1.628000,0.008,0.011814,0.011814,8.000,-0.011814,0.000000,0.000000,-0.008,0.012,0.000000,0.000000,0.000000,0.000000,0.000000,0.000000,0,0.00
1.632000,0.008,0.011562,0.011562,8.000,-0.011562,0.000000,0.000000,-0.008,0.012,0.000000,0.000000,0.000000,0.000000,0.000000,0.000000,0,0.00
1.636000,0.008,0.011283,0.011283,8.000,-0.011283,0.000000,0.000000,-0.008,0.011,0.000000,0.000000,0.000000,0.000000,0.000000,0.000000,0,0.00
1.640000,0.007,0.010977,0.010977,8.000,-0.010977,0.000000,0.000000,-0.008,0.011,0.000000,0.000000,0.000000,0.000000,0.000000,0.000000,0,0.00
1.644000,0.007,0.010647,0.010647,8.000,-0.010647,0.000000,0.000000,-0.008,0.011,0.000000,0.000000,0.000000,0.000000,0.000000,0.000000,0,0.00
1.648000,0.007,0.010293,0.010293,8.000,-0.010293,0.000000,0.000000,-0.008,0.010,0.000000,0.000000,0.000000,0.000000,0.000000,0.000000,0,0.00
1.652000,0.007,0.009916,0.009916,8.000,-0.009916,0.000000,0.000000,-0.008,0.010,0.000000,0.000000,0.000000,0.000000,0.000000,0.000000,0,0.00
1.656000,0.006,0.009519,0.009519,8.000,-0.009519,0.000000,0.000000,-0.007,0.010,0.000000,0.000000,0.000000,0.000000,0.000000,0.000000,0,0.00
1.660000,0.006,0.009107,0.009107,8.000,-0.009107,0.000000,0.000000,-0.007,0.009,0.000000,0.000000,0.000000,0.000000,0.000000,0.000000,0,0.00
1.664000,0.006,0.008686,0.008686,8.000,-0.008686,0.000000,0.000000,-0.007,0.009,0.000000,0.000000,0.000000,0.000000,0.000000,0.000000,0,0.00
1.668000,0.006,0.008263,0.008263,8.000,-0.008263,0.000000,0.000000,-0.007,0.008,0.000000,0.000000,0.000000,0.000000,0.000000,0.000000,0,0.00
1.672000,0.005,0.007843,0.007843,8.000,-0.007843,0.000000,0.000000,-0.006,0.008,0.000000,0.000000,0.000000,0.000000,0.000000,0.000000,0,0.00
1.676000,0.005,0.007432,0.007432,8.000,-0.007432,0.000000,0.000000,-0.006,0.007,0.000000,0.000000,0.000000,0.000000,0.000000,0.000000,0,0.00
1.680000,0.005,0.007033,0.007033,8.000,-0.007033,0.000000,0.000000,-0.006,0.007,0.000000,0.000000,0.000000,0.000000,0.000000,0.000000,0,0.00
1.684000,0.004,0.006648,0.006648,8.000,-0.006648,0.000000,0.000000,-0.006,0.007,0.000000,0.000000,0.000000,0.000000,0.000000,0.000000,0,0.00
1.688000,0.004,0.006279,0.006279,8.000,-0.006279,0.000000,0.000000,-0.005,0.006,0.000000,0.000000,0.000000,0.000000,0.000000,0.000000,0,0.00
1.692000,0.004,0.005929,0.005929,8.000,-0.005929,0.000000,0.000000,-0.005,0.006,0.000000,0.000000,0.000000,0.000000,0.000000,0.000000,0,0.00
1.696000,0.004,0.005598,0.005598,8.000,-0.005598,0.000000,0.000000,-0.005,0.006,0.000000,0.000000,0.000000,0.000000,0.000000,0.000000,0,0.00
1.700000,0.004,0.005287,0.005287,8.000,-0.005287,0.000000,0.000000,-0.004,0.005,0.000000,0.000000,0.000000,0.000000,0.000000,0.000000,0,0.00
1.704000,0.003,0.004996,0.004996,8.000,-0.004996,0.000000,0.000000,-0.004,0.005,0.000000,0.000000,0.000000,0.000000,0.000000,0.000000,0,0.00
1.708000,0.003,0.004727,0.004727,8.000,-0.004727,0.000000,0.000000,-0.004,0.005,0.000000,0.000000,0.000000,0.000000,0.000000,0.000000,0,0.00
1.712000,0.003,0.004480,0.004480,8.000,-0.004480,0.000000,0.000000,-0.004,0.004,0.000000,0.000000,0.000000,0.000000,0.000000,0.000000,0,0.00
1.716000,0.003,0.004256,0.004256,8.000,-0.004256,0.000000,0.000000,-0.004,0.004,0.000000,0.000000,0.000000,0.000000,0.000000,0.000000,0,0.00
1.720000,0.003,0.004054,0.004054,8.000,-0.004054,0.000000,0.000000,-0.003,0.004,0.000000,0.000000,0.000000,0.000000,0.000000,0.000000,0,0.00
1.724000,0.003,0.003875,0.003875,8.000,-0.003875,0.000000,0.000000,-0.003,0.004,0.000000,0.000000,0.000000,0.000000,0.000000,0.000000,0,0.00
1.728000,0.002,0.003720,0.003720,8.000,-0.003720,0.000000,0.000000,-0.003,0.004,0.000000,0.000000,0.000000,0.000000,0.000000,0.000000,0,0.00
1.732000,0.002,0.003588,0.003588,8.000,-0.003588,0.000000,0.000000,-0.003,0.004,0.000000,0.000000,0.000000,0.000000,0.000000,0.000000,0,0.00
1.736000,0.002,0.003480,0.003480,8.000,-0.003480,0.000000,0.000000,-0.003,0.003,0.000000,0.000000,0.000000,0.000000,0.000000,0.000000,0,0.00
1.740000,0.002,0.003394,0.003394,8.000,-0.003394,0.000000,0.000000,-0.003,0.003,0.000000,0.000000,0.000000,0.000000,0.000000,0.000000,0,0.00
1.744000,0.002,0.003331,0.003331,8.000,-0.003331,0.000000,0.000000,-0.002,0.003,0.000000,0.000000,0.000000,0.000000,0.000000,0.000000,0,0.00
1.748000,0.002,0.003291,0.003291,8.000,-0.003291,0.000000,0.000000,-0.002,0.003,0.000000,0.000000,0.000000,0.000000,0.000000,0.000000,0,0.00
1.752000,0.002,0.003271,0.003271,8.000,-0.003271,0.000000,0.000000,-0.002,0.003,0.000000,0.000000,0.000000,0.000000,0.000000,0.000000,0,0.00
1.756000,0.002,0.003273,0.003273,8.000,-0.003273,0.000000,0.000000,-0.002,0.003,0.000000,0.000000,0.000000,0.000000,0.000000,0.000000,0,0.00
1.760000,0.002,0.003293,0.003293,8.000,-0.003293,0.000000,0.000000,-0.002,0.003,0.000000,0.000000,0.000000,0.000000,0.000000,0.000000,0,0.00
1.764000,0.002,0.003332,0.003332,8.000,-0.003332,0.000000,-0.000000,-0.002,0.003,0.000000,0.000000,0.000000,0.000000,0.000000,0.000000,0,0.00
1.768000,0.002,0.003387,0.003387,8.000,-0.003387,0.000000,-0.000000,-0.002,0.003,0.000000,0.000000,0.000000,0.000000,0.000000,0.000000,0,0.00
1.772000,0.002,0.003458,0.003458,8.000,-0.003458,0.000000,-0.000000,-0.002,0.003,0.000000,0.000000,0.000000,0.000000,0.000000,0.000000,0,0.00
1.776000,0.002,0.003542,0.003542,8.000,-0.003542,0.000000,-0.000000,-0.002,0.004,0.000000,0.000000,0.000000,0.000000,0.000000,0.000000,0,0.00
1.780000,0.002,0.003638,0.003638,8.000,-0.003638,0.000000,-0.000000,-0.002,0.004,0.000000,0.000000,0.000000,0.000000,0.000000,0.000000,0,0.00
1.784000,0.002,0.003744,0.003744,8.000,-0.003744,0.000000,-0.000000,-0.002,0.004,0.000000,0.000000,0.000000,0.000000,0.000000,0.000000,0,0.00
1.788000,0.003,0.003857,0.003857,8.000,-0.003857,0.000000,-0.000000,-0.002,0.004,0.000000,0.000000,0.000000,0.000000,0.000000,0.000000,0,0.00
1.792000,0.003,0.003976,0.003976,8.000,-0.003976,0.000000,-0.000000,-0.002,0.004,0.000000,0.000000,0.000000,0.000000,0.000000,0.000000,0,0.00
1.796000,0.003,0.004099,0.004099,8.000,-0.004099,0.000000,-0.000000,-0.002,0.004,0.000000,0.000000,0.000000,0.000000,0.000000,0.000000,0,0.00
1.800000,0.003,0.004224,0.004224,8.000,-0.004224,0.000000,-0.000000,0.000,0.004,0.000000,0.000000,0.000000,0.000000,0.000000,0.000000,0,0.00
1.804000,0.003,0.004349,0.004349,8.000,-0.004349,0.000000,-0.000000,0.000,0.004,0.000000,0.000000,0.000000,0.000000,0.000000,0.000000,0,0.00
1.808000,0.003,0.004471,0.004471,8.000,-0.004471,0.000000,-0.000000,0.000,0.004,0.000000,0.000000,0.000000,0.000000,0.000000,0.000000,0,0.00
1.812000,0.003,0.004588,0.004588,8.000,-0.004588,0.000000,-0.000000,0.000,0.005,0.000000,0.000000,0.000000,0.000000,0.000000,0.000000,0,0.00
1.816000,0.003,0.004700,0.004700,8.000,-0.004700,0.000000,-0.000000,-0.003,0.005,0.000000,0.000000,0.000000,0.000000,0.000000,0.000000,0,0.00
1.820000,0.003,0.004804,0.004804,8.000,-0.004804,0.000000,-0.000000,-0.003,0.005,0.000000,0.000000,0.000000,0.000000,0.000000,0.000000,0,0.00
1.824000,0.003,0.004898,0.004898,8.000,-0.004898,0.000000,-0.000000,-0.003,0.005,0.000000,0.000000,0.000000,0.000000,0.000000,0.000000,0,0.00
1.828000,0.003,0.004982,0.004982,8.000,-0.004982,0.000000,-0.000000,-0.003,0.005,0.000000,0.000000,0.000000,0.000000,0.000000,0.000000,0,0.00
1.832000,0.003,0.005053,0.005053,8.000,-0.005053,0.000000,-0.000000,-0.003,0.005,0.000000,0.000000,0.000000,0.000000,0.000000,0.000000,0,0.00
1.836000,0.003,0.005110,0.005110,8.000,-0.005110,0.000000,-0.000000,-0.003,0.005,0.000000,0.000000,0.000000,0.000000,0.000000,0.000000,0,0.00
1.840000,0.003,0.005154,0.005154,8.000,-0.005154,0.000000,-0.000000,-0.003,0.005,0.000000,0.000000,0.000000,0.000000,0.000000,0.000000,0,0.00
1.844000,0.003,0.005181,0.005181,8.000,-0.005181,0.000000,-0.000000,-0.003,0.005,0.000000,0.000000,0.000000,0.000000,0.000000,0.000000,0,0.00
1.848000,0.003,0.005193,0.005193,8.000,-0.005193,0.000000,-0.000000,-0.003,0.005,0.000000,0.000000,0.000000,0.000000,0.000000,0.000000,0,0.00
1.852000,0.003,0.005187,0.005187,8.000,-0.005187,0.000000,-0.000000,-0.003,0.005,0.000000,0.000000,0.000000,0.000000,0.000000,0.000000,0,0.00
1.856000,0.003,0.005165,0.005165,8.000,-0.005165,0.000000,-0.000000,-0.003,0.005,0.000000,0.000000,0.000000,0.000000,0.000000,0.000000,0,0.00
1.860000,0.003,0.005125,0.005125,8.000,-0.005125,0.000000,0.000000,-0.003,0.005,0.000000,0.000000,0.000000,0.000000,0.000000,0.000000,0,0.00
1.864000,0.003,0.005067,0.005067,8.000,-0.005067,0.000000,0.000000,-0.003,0.005,0.000000,0.000000,0.000000,0.000000,0.000000,0.000000,0,0.00
1.868000,0.003,0.004993,0.004993,8.000,-0.004993,0.000000,0.000000,-0.003,0.005,0.000000,0.000000,0.000000,0.000000,0.000000,0.000000,0,0.00
1.872000,0.003,0.004902,0.004902,8.000,-0.004902,0.000000,0.000000,-0.003,0.005,0.000000,0.000000,0.000000,0.000000,0.000000,0.000000,0,0.00
1.876000,0.003,0.004794,0.004794,8.000,-0.004794,0.000000,0.000000,-0.003,0.005,0.000000,0.000000,0.000000,0.000000,0.000000,0.000000,0,0.00
1.880000,0.003,0.004671,0.004671,8.000,-0.004671,0.000000,0.000000,-0.003,0.005,0.000000,0.000000,0.000000,0.000000,0.000000,0.000000,0,0.00
1.884000,0.003,0.004534,0.004534,8.000,-0.004534,0.000000,0.000000,-0.003,0.005,0.000000,0.000000,0.000000,0.000000,0.000000,0.000000,0,0.00
1.888000,0.003,0.004383,0.004383,8.000,-0.004383,0.000000,0.000000,-0.003,0.004,0.000000,0.000000,0.000000,0.000000,0.000000,0.000000,0,0.00
1.892000,0.003,0.004220,0.004220,8.000,-0.004220,0.000000,0.000000,-0.003,0.004,0.000000,0.000000,0.000000,0.000000,0.000000,0.000000,0,0.00
1.896000,0.003,0.004046,0.004046,8.000,-0.004046,0.000000,0.000000,-0.003,0.004,0.000000,0.000000,0.000000,0.000000,0.000000,0.000000,0,0.00
1.900000,0.003,0.003863,0.003863,8.000,-0.003863,0.000000,0.000000,-0.003,0.004,0.000000,0.000000,0.000000,0.000000,0.000000,0.000000,0,0.00
1.904000,0.002,0.003672,0.003672,8.000,-0.003672,0.000000,0.000000,-0.003,0.004,0.000000,0.000000,0.000000,0.000000,0.000000,0.000000,0,0.00
1.908000,0.002,0.003476,0.003476,8.000,-0.003476,0.000000,0.000000,-0.003,0.003,0.000000,0.000000,0.000000,0.000000,0.000000,0.000000,0,0.00
1.912000,0.002,0.003276,0.003276,8.000,-0.003276,0.000000,0.000000,-0.003,0.003,0.000000,0.000000,0.000000,0.000000,0.000000,0.000000,0,0.00
1.916000,0.002,0.003074,0.003074,8.000,-0.003074,0.000000,0.000000,-0.003,0.003,0.000000,0.000000,0.000000,0.000000,0.000000,0.000000,0,0.00
1.920000,0.002,0.002873,0.002873,8.000,-0.002873,0.000000,0.000000,-0.002,0.003,0.000000,0.000000,0.000000,0.000000,0.000000,0.000000,0,0.00
1.924000,0.002,0.002673,0.002673,8.000,-0.002673,0.000000,0.000000,-0.002,0.003,0.000000,0.000000,0.000000,0.000000,0.000000,0.000000,0,0.00
1.928000,0.002,0.002477,0.002477,8.000,-0.002477,0.000000,0.000000,-0.002,0.002,0.000000,0.000000,0.000000,0.000000,0.000000,0.000000,0,0.00
1.932000,0.002,0.002287,0.002287,8.000,-0.002287,0.000000,0.000000,-0.002,0.002,0.000000,0.000000,0.000000,0.000000,0.000000,0.000000,0,0.00
1.936000,0.001,0.002105,0.002105,8.000,-0.002105,0.000000,0.000000,-0.002,0.002,0.000000,0.000000,0.000000,0.000000,0.000000,0.000000,0,0.00
1.940000,0.001,0.001933,0.001933,8.000,-0.001933,0.000000,0.000000,-0.002,0.002,0.000000,0.000000,0.000000,0.000000,0.000000,0.000000,0,0.00
1.944000,0.001,0.001772,0.001772,8.000,-0.001772,0.000000,0.000000,-0.002,0.002,0.000000,0.000000,0.000000,0.000000,0.000000,0.000000,0,0.00
1.948000,0.001,0.001623,0.001623,8.000,-0.001623,0.000000,0.000000,-0.002,0.002,0.000000,0.000000,0.000000,0.000000,0.000000,0.000000,0,0.00
1.952000,0.001,0.001489,0.001489,8.000,-0.001489,0.000000,0.000000,-0.001,0.001,0.000000,0.000000,0.000000,0.000000,0.000000,0.000000,0,0.00
1.956000,0.001,0.001371,0.001371,8.000,-0.001371,0.000000,0.000000,-0.001,0.001,0.000000,0.000000,0.000000,0.000000,0.000000,0.000000,0,0.00
1.960000,0.001,0.001269,0.001269,8.000,-0.001269,0.000000,0.000000,-0.001,0.001,0.000000,0.000000,0.000000,0.000000,0.000000,0.000000,0,0.00
1.964000,0.001,0.001184,0.001184,8.000,-0.001184,0.000000,0.000000,-0.001,0.001,0.000000,0.000000,0.000000,0.000000,0.000000,0.000000,0,0.00
1.968000,0.001,0.001118,0.001118,8.000,-0.001118,0.000000,0.000000,-0.001,0.001,0.000000,0.000000,0.000000,0.000000,0.000000,0.000000,0,0.00
1.972000,0.001,0.001069,0.001069,8.000,-0.001069,0.000000,0.000000,-0.001,0.001,0.000000,0.000000,0.000000,0.000000,0.000000,0.000000,0,0.00
1.976000,0.001,0.001039,0.001039,8.000,-0.001039,0.000000,0.000000,-0.001,0.001,0.000000,0.000000,0.000000,0.000000,0.000000,0.000000,0,0.00
1.980000,0.001,0.001027,0.001027,8.000,-0.001027,0.000000,0.000000,-0.001,0.001,0.000000,0.000000,0.000000,0.000000,0.000000,0.000000,0,0.00
1.984000,0.001,0.001033,0.001033,8.000,-0.001033,0.000000,0.000000,-0.001,0.001,0.000000,0.000000,0.000000,0.000000,0.000000,0.000000,0,0.00
1.988000,0.001,0.001056,0.001056,8.000,-0.001056,0.000000,0.000000,-0.001,0.001,0.000000,0.000000,0.000000,0.000000,0.000000,0.000000,0,0.00
1.992000,0.001,0.001095,0.001095,8.000,-0.001095,0.000000,0.000000,-0.001,0.001,0.000000,0.000000,0.000000,0.000000,0.000000,0.000000,0,0.00
1.996000,0.001,0.001149,0.001149,8.000,-0.001149,0.000000,-0.000000,-0.001,0.001,0.000000,0.000000,0.000000,0.000000,0.000000,0.000000,0,0.00
2.000000,0.001,0.001216,0.001216,8.000,-0.001216,0.000000,-0.000000,0.000,0.001,0.000000,0.000000,0.000000,0.000000,0.000000,0.000000,0,0.00
2.004000,-0.002,-0.002717,-0.002717,8.000,0.002717,0.000000,0.000000,0.000,0.003,0.000000,0.000000,0.000000,0.000000,0.000000,0.000000,0,0.00
2.008000,-0.008,-0.012585,-0.012585,8.000,0.012585,0.000000,0.000000,0.000,0.013,0.000000,0.000000,0.000000,0.000000,0.000000,0.000000,0,0.00
2.012000,-0.019,-0.028566,-0.028566,8.000,0.028566,0.000000,0.000000,0.000,0.029,0.000000,0.000000,0.000000,0.000000,0.000000,0.000000,0,0.00
2.016000,-0.034,-0.050690,-0.050690,8.000,0.050690,0.000000,0.000000,-0.001,0.051,0.000000,0.000000,0.000000,0.000000,0.000000,0.000000,0,0.00
2.020000,-0.053,-0.078973,-0.078973,8.000,0.078973,0.000000,0.000000,0.002,0.079,0.000000,0.000000,0.000000,0.000000,0.000000,0.000000,0,0.00
2.024000,-0.076,-0.113501,-0.113501,8.000,0.113501,0.000000,0.000000,0.008,0.114,0.000000,0.000000,0.000000,0.000000,0.000000,0.000000,0,0.00
2.028000,-0.103,-0.154353,-0.154353,8.000,0.154353,0.000000,0.000000,0.019,0.154,0.000000,0.000000,0.000000,0.000000,0.000000,0.000000,0,0.00
2.032000,-0.134,-0.201346,-0.201346,8.000,0.201346,0.000000,0.000000,0.034,0.201,0.000000,0.000000,0.000000,0.000000,0.000000,0.000000,0,0.00
2.036000,-0.170,-0.254294,-0.254294,8.000,0.254294,0.000000,0.000000,0.053,0.254,0.000000,0.000000,0.000000,0.000000,0.000000,0.000000,0,0.00
2.040000,-0.209,-0.313005,-0.313005,8.000,0.313005,0.000000,0.000000,0.076,0.313,0.000000,0.000000,0.000000,0.000000,0.000000,0.000000,0,0.00
2.044000,-0.252,-0.377288,-0.377288,8.000,0.377288,0.000000,0.000000,0.103,0.377,0.000000,0.000000,0.000000,0.000000,0.000000,0.000000,0,0.00
2.048000,-0.298,-0.446944,-0.446944,8.000,0.446944,0.000000,0.000000,0.134,0.447,0.000000,0.000000,0.000000,0.000000,0.000000,0.000000,0,0.00
2.052000,-0.348,-0.521772,-0.521772,8.000,0.521772,0.000000,0.000000,0.170,0.522,0.000000,0.000000,0.000000,0.000000,0.000000,0.000000,0,0.00
2.056000,-0.401,-0.601568,-0.601568,8.000,0.601568,0.000000,0.000000,0.209,0.602,0.000000,0.000000,0.000000,0.000000,0.000000,0.000000,0,0.00
2.060000,-0.457,-0.686120,-0.686120,8.000,0.686120,0.000000,0.000000,0.252,0.686,0.000000,0.000000,0.000000,0.000000,0.000000,0.000000,0,0.00
2.064000,-0.516,-0.774353,-0.774353,8.000,0.774353,0.000000,0.000000,0.298,0.774,0.000000,0.000000,0.000000,0.000000,0.000000,0.000000,0,0.00
2.068000,-0.577,-0.865180,-0.865180,8.000,0.865180,0.000000,0.000000,0.348,0.865,0.000000,0.000000,0.000000,0.000000,0.000000,0.000000,0,0.00
2.072000,-0.638,-0.957504,-0.957504,8.000,0.957504,0.000000,0.000000,0.401,0.958,0.000000,0.000000,0.000000,0.000000,0.000000,0.000000,0,0.00
2.076000,-0.700,-1.000000,-1.000000,8.000,1.050299,0.000000,0.000000,0.457,1.000,0.000000,0.000000,0.000000,0.000000,0.000000,0.000000,0,0.00
2.080000,-0.762,-1.000000,-1.000000,8.000,1.142629,0.000000,0.000000,0.516,1.000,0.000000,0.000000,0.000000,0.000000,0.000000,0.000000,0,0.00
2.084000,-0.822,-1.000000,-1.000000,8.000,1.233623,0.000000,0.000000,0.577,1.000,0.000000,0.000000,0.000000,0.000000,0.000000,0.000000,0,0.00
2.088000,-0.882,-1.000000,-1.000000,8.000,1.322452,0.000000,0.000000,0.638,1.000,0.000000,0.000000,0.000000,0.000000,0.000000,0.000000,0,0.00
2.092000,-0.939,-1.000000,-1.000000,8.000,1.408304,0.000000,0.000000,0.700,1.000,0.000000,0.000000,0.000000,0.000000,0.000000,0.000000,0,0.00
2.096000,-0.994,-1.000000,-1.000000,8.000,1.490360,0.000000,0.000000,0.762,1.000,0.000000,0.000000,0.000000,0.000000,0.000000,0.000000,0,0.00
2.100000,-1.045,-1.000000,-1.000000,8.000,1.567781,0.000000,0.000000,0.822,1.000,0.000000,0.000000,0.000000,0.000000,0.000000,0.000000,0,0.00
2.104000,-1.093,-1.000000,-1.000000,8.000,1.639698,0.000000,0.000000,0.882,1.000,0.000000,0.000000,0.000000,0.000000,0.000000,0.000000,0,0.00
2.108000,-1.137,-1.000000,-1.000000,8.000,1.705206,0.000000,0.000000,0.939,1.000,0.000000,0.000000,0.000000,0.000000,0.000000,0.000000,0,0.00
2.112000,-1.176,-1.000000,-1.000000,8.000,1.763365,0.000000,0.000000,0.994,1.000,0.000000,0.000000,0.000000,0.000000,0.000000,0.000000,0,0.00
2.116000,-1.209,-1.000000,-1.000000,8.000,1.813201,0.000000,0.000000,1.045,1.000,0.000000,0.000000,0.000000,0.000000,0.000000,0.000000,0,0.00
2.120000,-1.236,-1.000000,-1.000000,8.000,1.853703,0.000000,0.000000,1.093,1.000,0.000000,0.000000,0.000000,0.000000,0.000000,0.000000,0,0.00
2.124000,-1.253,-1.000000,-1.000000,8.000,1.879820,0.000000,0.000000,1.137,1.000,0.000000,0.000000,0.000000,0.000000,0.000000,0.000000,0,0.00
2.128000,-1.259,-1.000000,-1.000000,8.000,1.888550,0.000000,0.000000,1.176,1.000,0.000000,0.000000,0.000000,0.000000,0.000000,0.000000,0,0.00
2.132000,-1.252,-1.000000,-1.000000,8.000,1.878619,0.000000,0.000000,1.209,1.000,0.000000,0.000000,0.000000,0.000000,0.000000,0.000000,0,0.00
2.136000,-1.233,-1.000000,-1.000000,8.000,1.848913,0.000000,0.000000,1.236,1.000,0.000000,0.000000,0.000000,0.000000,0.000000,0.000000,0,0.00
2.140000,-1.199,-1.000000,-1.000000,8.000,1.798319,0.000000,-0.000000,1.253,1.000,0.000000,0.000000,0.000000,0.000000,0.000000,0.000000,0,0.00
2.144000,-1.150,-1.000000,-1.000000,8.000,1.725601,0.000000,-0.000000,1.259,1.000,0.000000,0.000000,0.000000,0.000000,0.000000,0.000000,0,0.00
2.148000,-1.086,-1.000000,-1.000000,8.000,1.629489,0.000000,-0.000000,1.252,1.000,0.000000,0.000000,0.000000,0.000000,0.000000,0.000000,0,0.00
2.152000,-1.006,-1.000000,-1.000000,8.000,1.508931,0.000000,-0.000000,1.233,1.000,0.000000,0.000000,0.000000,0.000000,0.000000,0.000000,0,0.00
2.156000,-0.909,-1.000000,-1.000000,8.000,1.362841,0.000000,-0.000000,1.199,1.000,0.000000,0.000000,0.000000,0.000000,0.000000,0.000000,0,0.00
2.160000,-0.793,-1.000000,-1.000000,8.000,1.190099,0.000000,-0.000000,1.150,1.000,0.000000,0.000000,0.000000,0.000000,0.000000,0.000000,0,0.00
2.164000,-0.660,-0.989550,-0.989550,8.000,0.989550,0.000000,-0.000000,1.086,0.990,0.000000,0.000000,0.000000,0.000000,0.000000,0.000000,0,0.00
2.168000,-0.507,-0.760006,-0.760006,8.000,0.760006,0.000000,-0.000000,1.006,0.760,0.000000,0.000000,0.000000,0.000000,0.000000,0.000000,0,0.00
2.172000,-0.334,-0.500697,-0.500697,8.000,0.500697,0.000000,-0.000000,0.909,0.501,0.000000,0.000000,0.000000,0.000000,0.000000,0.000000,0,0.00
2.176000,-0.141,-0.211157,-0.211157,8.000,0.211157,0.000000,-0.000000,0.793,0.211,0.000000,0.000000,0.000000,0.000000,0.000000,0.000000,0,0.00
2.180000,0.073,0.108925,0.108925,8.000,-0.108925,0.000000,-0.000000,0.660,0.109,0.000000,0.000000,0.000000,0.000000,0.000000,0.000000,0,0.00
2.184000,0.306,0.458874,0.458874,8.000,-0.458874,0.000000,-0.000000,0.507,0.459,0.000000,0.000000,0.000000,0.000000,0.000000,0.000000,0,0.00
2.188000,0.559,0.837917,0.837917,8.000,-0.837917,0.000000,-0.000000,0.334,0.838,0.000000,0.000000,0.000000,0.000000,0.000000,0.000000,0,0.00
2.192000,0.830,1.000000,1.000000,8.000,-1.245210,0.000000,-0.000000,0.141,1.000,0.000000,0.000000,0.000000,0.000000,0.000000,0.000000,0,0.00
2.196000,1.120,1.000000,1.000000,8.000,-1.679957,0.000000,-0.000000,-0.073,1.000,0.000000,0.000000,0.000000,0.000000,0.000000,0.000000,0,0.00
2.200000,1.428,1.000000,1.000000,8.000,-2.141447,0.000000,-0.000000,0.000,1.000,0.000000,0.000000,0.000000,0.000000,0.000000,0.000000,0,0.00
2.204000,1.753,1.000000,1.000000,8.000,-2.629047,0.000000,-0.000000,0.000,1.000,0.000000,0.000000,0.000000,0.000000,0.000000,0.000000,0,0.00
2.206000,2.076,1.000000,1.000000,8.000,-3.114474,0.000000,-0.000000,0.000,1.000,0.000000,0.000000,0.000000,0.000000,0.000000,0.000000,0,0.00
