timestamp,roll_angle,steering_output,final_steer,target_speed,actual_speed_kmh,actual_handlebar_angle,p_term,i_term,d_term,error,stability_factor,vision_error,vision_steer_command,vision_speed_command,vision_p_term,vision_i_term,vision_d_term,vision_active,vision_mask_coverage
0.002000,-0.001,0.000000,0.000000,4.000,0.00,0.000001,0.000000,0.000000,0.000000,0.000,0.000,0.000000,0.000000,0.000000,0.000000,0.000000,0.000000,0,0.00
0.004000,-0.001,0.000000,0.000000,4.000,1.30,0.000404,0.000000,0.000000,0.000000,0.000,0.000,0.000000,0.000000,0.000000,0.000000,0.000000,0.000000,0,0.00
0.006000,-0.001,0.000000,0.000000,4.000,2.98,0.001211,0.000000,0.000000,0.000000,0.000,0.000,0.000000,0.000000,0.000000,0.000000,0.000000,0.000000,0,0.00
0.008000,-0.002,0.000000,0.000000,4.000,4.95,0.002418,0.000000,0.000000,0.000000,0.000,0.000,0.000000,0.000000,0.000000,0.000000,0.000000,0.000000,0,0.00
0.010000,-0.003,0.000000,0.000000,4.000,6.55,0.004025,0.000000,0.000000,0.000000,0.000,0.000,0.000000,0.000000,0.000000,0.000000,0.000000,0.000000,0,0.00
0.012000,-0.004,0.000000,0.000000,4.000,7.83,0.006031,0.000000,0.000000,0.000000,0.000,0.000,0.000000,0.000000,0.000000,0.000000,0.000000,0.000000,0,0.00
0.014000,-0.005,0.000000,0.000000,4.000,8.86,0.008433,0.000000,0.000000,0.000000,0.000,0.000,0.000000,0.000000,0.000000,0.000000,0.000000,0.000000,0,0.00
0.016000,-0.006,0.000000,0.000000,4.000,9.68,0.011231,0.000000,0.000000,0.000000,0.000,0.000,0.000000,0.000000,0.000000,0.000000,0.000000,0.000000,0,0.00
0.018000,-0.007,0.000000,0.000000,4.000,10.33,0.014423,0.000000,0.000000,0.000000,0.000,0.000,0.000000,0.000000,0.000000,0.000000,0.000000,0.000000,0,0.00
0.020000,-0.008,0.000000,0.000000,4.000,10.86,0.018008,0.000000,0.000000,0.000000,0.000,0.000,0.000000,0.000000,0.000000,0.000000,0.000000,0.000000,0,0.00
0.022000,-0.009,0.000000,0.000000,4.000,11.28,0.021976,0.000000,0.000000,0.000000,0.000,0.000,0.000000,0.000000,0.000000,0.000000,0.000000,0.000000,0,0.00
0.024000,-0.010,0.000000,0.000000,4.000,11.62,0.026320,0.000000,0.000000,0.000000,0.000,0.000,0.000000,0.000000,0.000000,0.000000,0.000000,0.000000,0,0.00
0.026000,-0.011,0.000000,0.000000,4.000,11.88,0.031038,0.000000,0.000000,0.000000,0.000,0.000,0.000000,0.000000,0.000000,0.000000,0.000000,0.000000,0,0.00
0.028000,-0.012,0.000000,0.000000,4.000,12.10,0.036129,0.000000,0.000000,0.000000,0.000,0.000,0.000000,0.000000,0.000000,0.000000,0.000000,0.000000,0,0.00
0.030000,-0.013,0.000000,0.000000,4.000,12.27,0.041591,0.000000,0.000000,0.000000,0.000,0.000,0.000000,0.000000,0.000000,0.000000,0.000000,0.000000,0,0.00
0.032000,-0.014,0.000000,0.000000,4.000,12.41,0.047423,0.000000,0.000000,0.000000,0.000,0.000,0.000000,0.000000,0.000000,0.000000,0.000000,0.000000,0,0.00
0.034000,-0.015,0.000000,0.000000,4.000,11.06,0.053587,0.000000,0.000000,0.000000,0.000,0.000,0.000000,0.000000,0.000000,0.000000,0.000000,0.000000,0,0.00
0.036000,-0.016,0.000000,0.000000,4.000,9.09,0.060117,0.000000,0.000000,0.000000,0.000,0.000,0.000000,0.000000,0.000000,0.000000,0.000000,0.000000,0,0.00
0.038000,-0.016,0.000000,0.000000,4.000,7.45,0.066994,0.000000,0.000000,0.000000,0.000,0.000,0.000000,0.000000,0.000000,0.000000,0.000000,0.000000,0,0.00
0.040000,-0.016,0.000000,0.000000,4.000,6.10,0.074222,0.000000,0.000000,0.000000,0.000,0.000,0.000000,0.000000,0.000000,0.000000,0.000000,0.000000,0,0.00
0.042000,-0.016,0.000000,0.000000,4.000,4.99,0.081805,0.000000,0.000000,0.000000,0.000,0.000,0.000000,0.000000,0.000000,0.000000,0.000000,0.000000,0,0.00
0.044000,-0.016,0.000000,0.000000,4.000,4.10,0.089748,0.000000,0.000000,0.000000,0.000,0.000,0.000000,0.000000,0.000000,0.000000,0.000000,0.000000,0,0.00
0.046000,-0.015,0.000000,0.000000,4.000,3.38,0.098054,0.000000,0.000000,0.000000,0.000,0.000,0.000000,0.000000,0.000000,0.000000,0.000000,0.000000,0,0.00
0.048000,-0.015,0.000000,0.000000,4.000,2.81,0.106724,0.000000,0.000000,0.000000,0.000,0.000,0.000000,0.000000,0.000000,0.000000,0.000000,0.000000,0,0.00
0.050000,-0.015,0.000000,0.000000,4.000,2.42,0.115758,0.000000,0.000000,0.000000,0.000,0.000,0.000000,0.000000,0.000000,0.000000,0.000000,0.000000,0,0.00
0.052000,-0.014,0.000000,0.000000,4.000,2.24,0.125154,0.000000,0.000000,0.000000,0.000,0.000,0.000000,0.000000,0.000000,0.000000,0.000000,0.000000,0,0.00
0.054000,-0.014,0.000000,0.000000,4.000,2.29,0.134909,0.000000,0.000000,0.000000,0.000,0.000,0.000000,0.000000,0.000000,0.000000,0.000000,0.000000,0,0.00
0.056000,-0.014,0.000000,0.000000,4.000,2.57,0.145020,0.000000,0.000000,0.000000,0.000,0.000,0.000000,0.000000,0.000000,0.000000,0.000000,0.000000,0,0.00
0.058000,-0.014,0.000000,0.000000,4.000,3.06,0.155484,0.000000,0.000000,0.000000,0.000,0.000,0.000000,0.000000,0.000000,0.000000,0.000000,0.000000,0,0.00
0.060000,-0.013,0.000000,0.000000,4.000,3.71,0.166300,0.000000,0.000000,0.000000,0.000,0.000,0.000000,0.000000,0.000000,0.000000,0.000000,0.000000,0,0.00
0.062000,-0.013,0.000000,0.000000,4.000,4.50,0.177466,0.000000,0.000000,0.000000,0.000,0.000,0.000000,0.000000,0.000000,0.000000,0.000000,0.000000,0,0.00
0.064000,-0.013,0.000000,0.000000,4.000,5.39,0.188979,0.000000,0.000000,0.000000,0.000,0.000,0.000000,0.000000,0.000000,0.000000,0.000000,0.000000,0,0.00
0.066000,-0.013,0.000000,0.000000,4.000,6.34,0.200839,0.000000,0.000000,0.000000,0.000,0.000,0.000000,0.000000,0.000000,0.000000,0.000000,0.000000,0,0.00
0.068000,-0.013,0.000000,0.000000,4.000,7.33,0.213043,0.000000,0.000000,0.000000,0.000,0.000,0.000000,0.000000,0.000000,0.000000,0.000000,0.000000,0,0.00
0.070000,-0.013,0.000000,0.000000,4.000,8.35,0.225589,0.000000,0.000000,0.000000,0.000,0.000,0.000000,0.000000,0.000000,0.000000,0.000000,0.000000,0,0.00
0.072000,-0.013,0.000000,0.000000,4.000,9.27,0.238477,0.000000,0.000000,0.000000,0.000,0.000,0.000000,0.000000,0.000000,0.000000,0.000000,0.000000,0,0.00
0.074000,-0.013,0.000000,0.000000,4.000,10.01,0.251706,0.000000,0.000000,0.000000,0.000,0.000,0.000000,0.000000,0.000000,0.000000,0.000000,0.000000,0,0.00
0.076000,-0.013,0.000000,0.000000,4.000,10.60,0.265274,0.000000,0.000000,0.000000,0.000,0.000,0.000000,0.000000,0.000000,0.000000,0.000000,0.000000,0,0.00
0.078000,-0.013,0.000000,0.000000,4.000,11.07,0.279180,0.000000,0.000000,0.000000,0.000,0.000,0.000000,0.000000,0.000000,0.000000,0.000000,0.000000,0,0.00
0.080000,-0.012,0.000000,0.000000,4.000,11.45,0.293420,0.000000,0.000000,0.000000,0.000,0.000,0.000000,0.000000,0.000000,0.000000,0.000000,0.000000,0,0.00
0.082000,-0.012,0.000000,0.000000,4.000,11.75,0.307993,0.000000,0.000000,0.000000,0.000,0.000,0.000000,0.000000,0.000000,0.000000,0.000000,0.000000,0,0.00
0.084000,-0.012,0.000000,0.000000,4.000,11.99,0.322897,0.000000,0.000000,0.000000,0.000,0.000,0.000000,0.000000,0.000000,0.000000,0.000000,0.000000,0,0.00
0.086000,-0.012,0.000000,0.000000,4.000,12.19,0.338130,0.000000,0.000000,0.000000,0.000,0.000,0.000000,0.000000,0.000000,0.000000,0.000000,0.000000,0,0.00
0.088000,-0.012,0.000000,0.000000,4.000,12.34,0.353689,0.000000,0.000000,0.000000,0.000,0.000,0.000000,0.000000,0.000000,0.000000,0.000000,0.000000,0,0.00
0.090000,-0.012,0.000000,0.000000,4.000,12.46,0.369571,0.000000,0.000000,0.000000,0.000,0.000,0.000000,0.000000,0.000000,0.000000,0.000000,0.000000,0,0.00
0.092000,-0.012,0.000000,0.000000,4.000,12.56,0.385775,0.000000,0.000000,0.000000,0.000,0.000,0.000000,0.000000,0.000000,0.000000,0.000000,0.000000,0,0.00
0.094000,-0.012,0.000000,0.000000,4.000,12.64,0.402298,0.000000,0.000000,0.000000,0.000,0.000,0.000000,0.000000,0.000000,0.000000,0.000000,0.000000,0,0.00
0.096000,-0.011,0.000000,0.000000,4.000,12.71,0.419138,0.000000,0.000000,0.000000,0.000,0.000,0.000000,0.000000,0.000000,0.000000,0.000000,0.000000,0,0.00
0.098000,-0.011,0.000000,0.000000,4.000,12.76,0.436292,0.000000,0.000000,0.000000,0.000,0.000,0.000000,0.000000,0.000000,0.000000,0.000000,0.000000,0,0.00
0.100000,-0.011,0.000000,0.000000,4.000,12.80,0.453758,0.000000,0.000000,0.000000,0.000,0.000,0.000000,0.000000,0.000000,0.000000,0.000000,0.000000,0,0.00
0.102000,-0.011,0.000000,0.000000,4.000,12.83,0.471534,0.000000,0.000000,0.000000,0.000,0.000,0.000000,0.000000,0.000000,0.000000,0.000000,0.000000,0,0.00
0.104000,-0.011,0.000000,0.000000,4.000,12.85,0.489616,0.000000,0.000000,0.000000,0.000,0.000,0.000000,0.000000,0.000000,0.000000,0.000000,0.000000,0,0.00
0.106000,-0.010,0.000000,0.000000,4.000,12.88,0.508003,0.000000,0.000000,0.000000,0.000,0.000,0.000000,0.000000,0.000000,0.000000,0.000000,0.000000,0,0.00
0.108000,-0.010,0.000000,0.000000,4.000,12.89,0.526692,0.000000,0.000000,0.000000,0.000,0.000,0.000000,0.000000,0.000000,0.000000,0.000000,0.000000,0,0.00
0.110000,-0.010,0.000000,0.000000,4.000,12.91,0.545681,0.000000,0.000000,0.000000,0.000,0.000,0.000000,0.000000,0.000000,0.000000,0.000000,0.000000,0,0.00
0.112000,-0.010,0.000000,0.000000,4.000,12.92,0.564966,0.000000,0.000000,0.000000,0.000,0.000,0.000000,0.000000,0.000000,0.000000,0.000000,0.000000,0,0.00
0.114000,-0.010,0.000000,0.000000,4.000,12.92,0.584545,0.000000,0.000000,0.000000,0.000,0.000,0.000000,0.000000,0.000000,0.000000,0.000000,0.000000,0,0.00
0.116000,-0.010,0.000000,0.000000,4.000,12.93,0.604416,0.000000,0.000000,0.000000,0.000,0.000,0.000000,0.000000,0.000000,0.000000,0.000000,0.000000,0,0.00
0.118000,-0.009,0.000000,0.000000,4.000,12.94,0.624574,0.000000,0.000000,0.000000,0.000,0.000,0.000000,0.000000,0.000000,0.000000,0.000000,0.000000,0,0.00
0.120000,-0.009,0.000000,0.000000,4.000,12.94,0.645018,0.000000,0.000000,0.000000,0.000,0.000,0.000000,0.000000,0.000000,0.000000,0.000000,0.000000,0,0.00
0.122000,-0.009,0.000000,0.000000,4.000,12.94,0.665743,0.000000,0.000000,0.000000,0.000,0.000,0.000000,0.000000,0.000000,0.000000,0.000000,0.000000,0,0.00
0.124000,-0.009,0.000000,0.000000,4.000,12.95,0.686747,0.000000,0.000000,0.000000,0.000,0.000,0.000000,0.000000,0.000000,0.000000,0.000000,0.000000,0,0.00
0.126000,-0.009,0.000000,0.000000,4.000,12.95,0.708026,0.000000,0.000000,0.000000,0.000,0.000,0.000000,0.000000,0.000000,0.000000,0.000000,0.000000,0,0.00
0.128000,-0.008,0.000000,0.000000,4.000,12.95,0.729577,0.000000,0.000000,0.000000,0.000,0.000,0.000000,0.000000,0.000000,0.000000,0.000000,0.000000,0,0.00
0.130000,-0.008,0.000000,0.000000,4.000,12.95,0.751395,0.000000,0.000000,0.000000,0.000,0.000,0.000000,0.000000,0.000000,0.000000,0.000000,0.000000,0,0.00
0.132000,-0.008,0.000000,0.000000,4.000,12.95,0.773478,0.000000,0.000000,0.000000,0.000,0.000,0.000000,0.000000,0.000000,0.000000,0.000000,0.000000,0,0.00
0.134000,-0.008,0.000000,0.000000,4.000,12.95,0.795820,0.000000,0.000000,0.000000,0.000,0.000,0.000000,0.000000,0.000000,0.000000,0.000000,0.000000,0,0.00
0.136000,-0.008,0.000000,0.000000,4.000,12.96,0.818418,0.000000,0.000000,0.000000,0.000,0.000,0.000000,0.000000,0.000000,0.000000,0.000000,0.000000,0,0.00
0.138000,-0.007,0.000000,0.000000,4.000,12.96,0.841269,0.000000,0.000000,0.000000,0.000,0.000,0.000000,0.000000,0.000000,0.000000,0.000000,0.000000,0,0.00
0.140000,-0.007,0.000000,0.000000,4.000,12.96,0.863549,0.000000,0.000000,0.000000,0.000,0.000,0.000000,0.000000,0.000000,0.000000,0.000000,0.000000,0,0.00
0.142000,-0.008,0.000000,0.000000,4.000,12.96,0.885385,0.000000,0.000000,0.000000,0.000,0.000,0.000000,0.000000,0.000000,0.000000,0.000000,0.000000,0,0.00
0.144000,-0.008,0.000000,0.000000,4.000,12.96,0.906900,0.000000,0.000000,0.000000,0.000,0.000,0.000000,0.000000,0.000000,0.000000,0.000000,0.000000,0,0.00
0.146000,-0.008,0.000000,0.000000,4.000,12.89,0.928224,0.000000,0.000000,0.000000,0.000,0.000,0.000000,0.000000,0.000000,0.000000,0.000000,0.000000,0,0.00
0.148000,-0.009,0.000000,0.000000,4.000,12.71,0.949483,0.000000,0.000000,0.000000,0.000,0.000,0.000000,0.000000,0.000000,0.000000,0.000000,0.000000,0,0.00
0.150000,-0.010,0.000000,0.000000,4.000,12.40,0.970493,0.000000,0.000000,0.000000,0.000,0.000,0.000000,0.000000,0.000000,0.000000,0.000000,0.000000,0,0.00
0.152000,-0.010,0.000000,0.000000,4.000,11.98,0.991083,0.000000,0.000000,0.000000,0.000,0.000,0.000000,0.000000,0.000000,0.000000,0.000000,0.000000,0,0.00
0.154000,-0.011,0.000000,0.000000,4.000,11.45,1.011261,0.000000,0.000000,0.000000,0.000,0.000,0.000000,0.000000,0.000000,0.000000,0.000000,0.000000,0,0.00
0.156000,-0.012,0.000000,0.000000,4.000,10.88,1.031050,0.000000,0.000000,0.000000,0.000,0.000,0.000000,0.000000,0.000000,0.000000,0.000000,0.000000,0,0.00
0.158000,-0.012,0.000000,0.000000,4.000,10.28,1.050463,0.000000,0.000000,0.000000,0.000,0.000,0.000000,0.000000,0.000000,0.000000,0.000000,0.000000,0,0.00
0.160000,-0.013,0.000000,0.000000,4.000,9.72,1.069499,0.000000,0.000000,0.000000,0.000,0.000,0.000000,0.000000,0.000000,0.000000,0.000000,0.000000,0,0.00
0.162000,-0.013,0.000000,0.000000,4.000,9.21,1.088156,0.000000,0.000000,0.000000,0.000,0.000,0.000000,0.000000,0.000000,0.000000,0.000000,0.000000,0,0.00
0.164000,-0.014,0.000000,0.000000,4.000,8.78,1.106431,0.000000,0.000000,0.000000,0.000,0.000,0.000000,0.000000,0.000000,0.000000,0.000000,0.000000,0,0.00
0.166000,-0.014,0.000000,0.000000,4.000,8.45,1.124323,0.000000,0.000000,0.000000,0.000,0.000,0.000000,0.000000,0.000000,0.000000,0.000000,0.000000,0,0.00
0.168000,-0.014,0.000000,0.000000,4.000,8.22,1.141836,0.000000,0.000000,0.000000,0.000,0.000,0.000000,0.000000,0.000000,0.000000,0.000000,0.000000,0,0.00
0.170000,-0.015,0.000000,0.000000,4.000,8.11,1.159000,0.000000,0.000000,0.000000,0.000,0.000,0.000000,0.000000,0.000000,0.000000,0.000000,0.000000,0,0.00
0.172000,-0.015,0.000000,0.000000,4.000,8.11,1.175820,0.000000,0.000000,0.000000,0.000,0.000,0.000000,0.000000,0.000000,0.000000,0.000000,0.000000,0,0.00
0.174000,-0.016,0.000000,0.000000,4.000,8.22,1.192304,0.000000,0.000000,0.000000,0.000,0.000,0.000000,0.000000,0.000000,0.000000,0.000000,0.000000,0,0.00
0.176000,-0.016,0.000000,0.000000,4.000,8.44,1.208458,0.000000,0.000000,0.000000,0.000,0.000,0.000000,0.000000,0.000000,0.000000,0.000000,0.000000,0,0.00
0.178000,-0.017,0.000000,0.000000,4.000,8.75,1.224289,0.000000,0.000000,0.000000,0.000,0.000,0.000000,0.000000,0.000000,0.000000,0.000000,0.000000,0,0.00
0.180000,-0.017,0.000000,0.000000,4.000,9.15,1.239803,0.000000,0.000000,0.000000,0.000,0.000,0.000000,0.000000,0.000000,0.000000,0.000000,0.000000,0,0.00
0.182000,-0.018,0.000000,0.000000,4.000,9.63,1.255007,0.000000,0.000000,0.000000,0.000,0.000,0.000000,0.000000,0.000000,0.000000,0.000000,0.000000,0,0.00
0.184000,-0.019,0.000000,0.000000,4.000,10.19,1.269907,0.000000,0.000000,0.000000,0.000,0.000,0.000000,0.000000,0.000000,0.000000,0.000000,0.000000,0,0.00
0.186000,-0.019,0.000000,0.000000,4.000,10.74,1.284509,0.000000,0.000000,0.000000,0.000,0.000,0.000000,0.000000,0.000000,0.000000,0.000000,0.000000,0,0.00
0.188000,-0.020,0.000000,0.000000,4.000,11.19,1.298819,0.000000,0.000000,0.000000,0.000,0.000,0.000000,0.000000,0.000000,0.000000,0.000000,0.000000,0,0.00
0.190000,-0.020,0.000000,0.000000,4.000,11.54,1.312843,0.000000,0.000000,0.000000,0.000,0.000,0.000000,0.000000,0.000000,0.000000,0.000000,0.000000,0,0.00
0.192000,-0.021,0.000000,0.000000,4.000,11.82,1.326586,0.000000,0.000000,0.000000,0.000,0.000,0.000000,0.000000,0.000000,0.000000,0.000000,0.000000,0,0.00
0.194000,-0.021,0.000000,0.000000,4.000,12.05,1.340055,0.000000,0.000000,0.000000,0.000,0.000,0.000000,0.000000,0.000000,0.000000,0.000000,0.000000,0,0.00
0.196000,-0.022,0.000000,0.000000,4.000,12.23,1.353254,0.000000,0.000000,0.000000,0.000,0.000,0.000000,0.000000,0.000000,0.000000,0.000000,0.000000,0,0.00
0.198000,-0.022,0.000000,0.000000,4.000,12.38,1.366189,0.000000,0.000000,0.000000,0.000,0.000,0.000000,0.000000,0.000000,0.000000,0.000000,0.000000,0,0.00
0.200000,-0.023,-0.046022,-0.046022,8.000,12.49,1.378865,0.046022,0.000000,0.000000,0.000,0.031,0.000000,0.000000,0.000000,0.000000,0.000000,0.000000,0,0.00
0.202000,-0.024,-0.047031,-0.047031,8.000,12.59,1.391288,0.047031,0.000000,0.000000,0.000,0.031,0.000000,0.000000,0.000000,0.000000,0.000000,0.000000,0,0.00
0.204000,-0.024,-0.048022,-0.048022,8.000,12.66,1.403463,0.048022,0.000000,0.000000,0.000,0.032,0.000000,0.000000,0.000000,0.000000,0.000000,0.000000,0,0.00
0.206000,-0.024,-0.048994,-0.048994,8.000,12.72,1.415394,0.048994,0.000000,0.000000,0.000,0.033,0.000000,0.000000,0.000000,0.000000,0.000000,0.000000,0,0.00
0.208000,-0.025,-0.049949,-0.049949,8.000,12.77,1.427086,0.049949,0.000000,0.000000,0.023,0.033,0.000000,0.000000,0.000000,0.000000,0.000000,0.000000,0,0.00
0.210000,-0.025,-0.050887,-0.050887,8.000,12.81,1.438545,0.050887,0.000000,0.000000,0.024,0.034,0.000000,0.000000,0.000000,0.000000,0.000000,0.000000,0,0.00
0.212000,-0.026,-0.051806,-0.051806,8.000,12.84,1.449774,0.051806,0.000000,0.000000,0.024,0.035,0.000000,0.000000,0.000000,0.000000,0.000000,0.000000,0,0.00
0.214000,-0.026,-0.052709,-0.052709,8.000,12.86,1.460779,0.052709,0.000000,0.000000,0.024,0.035,0.000000,0.000000,0.000000,0.000000,0.000000,0.000000,0,0.00
0.216000,-0.027,-0.053593,-0.053593,8.000,12.88,1.471563,0.053593,0.000000,0.000000,0.025,0.036,0.000000,0.000000,0.000000,0.000000,0.000000,0.000000,0,0.00
0.218000,-0.027,-0.054460,-0.054460,8.000,12.90,1.482132,0.054460,0.000000,0.000000,0.025,0.036,0.000000,0.000000,0.000000,0.000000,0.000000,0.000000,0,0.00
0.220000,-0.028,-0.055308,-0.055308,8.000,12.91,1.492490,0.055308,0.000000,0.000000,0.026,0.037,0.000000,0.000000,0.000000,0.000000,0.000000,0.000000,0,0.00
0.222000,-0.028,-0.056138,-0.056138,8.000,12.92,1.502640,0.056138,0.000000,0.000000,0.026,0.037,0.000000,0.000000,0.000000,0.000000,0.000000,0.000000,0,0.00
0.224000,-0.028,-0.056950,-0.056950,8.000,12.93,1.512588,0.056950,0.000000,0.000000,0.027,0.038,0.000000,0.000000,0.000000,0.000000,0.000000,0.000000,0,0.00
0.226000,-0.029,-0.057743,-0.057743,8.000,12.93,1.522336,0.057743,0.000000,0.000000,0.027,0.038,0.000000,0.000000,0.000000,0.000000,0.000000,0.000000,0,0.00
0.228000,-0.029,-0.058516,-0.058516,8.000,12.94,1.531890,0.058516,0.000000,0.000000,0.028,0.039,0.000000,0.000000,0.000000,0.000000,0.000000,0.000000,0,0.00
0.230000,-0.030,-0.059271,-0.059271,8.000,12.94,1.541252,0.059271,0.000000,0.000000,0.028,0.040,0.000000,0.000000,0.000000,0.000000,0.000000,0.000000,0,0.00
0.232000,-0.030,-0.060005,-0.060005,8.000,12.95,1.550427,0.060005,0.000000,0.000000,0.028,0.040,0.000000,0.000000,0.000000,0.000000,0.000000,0.000000,0,0.00
0.234000,-0.030,-0.060719,-0.060719,8.000,12.95,1.559419,0.060719,0.000000,0.000000,0.029,0.040,0.000000,0.000000,0.000000,0.000000,0.000000,0.000000,0,0.00
0.236000,-0.031,-0.061413,-0.061413,8.000,12.95,1.568231,0.061413,0.000000,0.000000,0.029,0.041,0.000000,0.000000,0.000000,0.000000,0.000000,0.000000,0,0.00
0.238000,-0.031,-0.062086,-0.062086,8.000,12.95,1.576866,0.062086,0.000000,0.000000,0.030,0.041,0.000000,0.000000,0.000000,0.000000,0.000000,0.000000,0,0.00
0.240000,-0.031,-0.062738,-0.062738,8.000,12.95,1.585329,0.062738,0.000000,0.000000,0.030,0.042,0.000000,0.000000,0.000000,0.000000,0.000000,0.000000,0,0.00
0.242000,-0.032,-0.063369,-0.063369,8.000,12.95,1.593623,0.063369,0.000000,0.000000,0.030,0.042,0.000000,0.000000,0.000000,0.000000,0.000000,0.000000,0,0.00
0.244000,-0.032,-0.063978,-0.063978,8.000,12.96,1.601750,0.063978,0.000000,0.000000,0.031,0.043,0.000000,0.000000,0.000000,0.000000,0.000000,0.000000,0,0.00
0.246000,-0.032,-0.064566,-0.064566,8.000,12.96,1.609716,0.064566,0.000000,0.000000,0.031,0.043,0.000000,0.000000,0.000000,0.000000,0.000000,0.000000,0,0.00
0.248000,-0.033,-0.065132,-0.065132,8.000,12.96,1.617522,0.065132,0.000000,0.000000,0.031,0.043,0.000000,0.000000,0.000000,0.000000,0.000000,0.000000,0,0.00
0.250000,-0.033,-0.065677,-0.065677,8.000,12.96,1.625171,0.065677,0.000000,0.000000,0.032,0.044,0.000000,0.000000,0.000000,0.000000,0.000000,0.000000,0,0.00
0.252000,-0.033,-0.066199,-0.066199,8.000,12.96,1.632668,0.066199,0.000000,0.000000,0.032,0.044,0.000000,0.000000,0.000000,0.000000,0.000000,0.000000,0,0.00
0.254000,-0.033,-0.066700,-0.066700,8.000,12.96,1.640015,0.066700,0.000000,0.000000,0.032,0.044,0.000000,0.000000,0.000000,0.000000,0.000000,0.000000,0,0.00
0.256000,-0.034,-0.067178,-0.067178,8.000,12.96,1.647215,0.067178,0.000000,0.000000,0.033,0.045,0.000000,0.000000,0.000000,0.000000,0.000000,0.000000,0,0.00
0.258000,-0.034,-0.067635,-0.067635,8.000,12.96,1.654271,0.067635,0.000000,0.000000,0.033,0.045,0.000000,0.000000,0.000000,0.000000,0.000000,0.000000,0,0.00
0.260000,-0.034,-0.068069,-0.068069,8.000,12.96,1.661186,0.068069,0.000000,0.000000,0.033,0.045,0.000000,0.000000,0.000000,0.000000,0.000000,0.000000,0,0.00
0.262000,-0.034,-0.068482,-0.068482,8.000,12.96,1.667962,0.068482,0.000000,0.000000,0.033,0.046,0.000000,0.000000,0.000000,0.000000,0.000000,0.000000,0,0.00
0.264000,-0.034,-0.068873,-0.068873,8.000,12.96,1.674603,0.068873,0.000000,0.000000,0.034,0.046,0.000000,0.000000,0.000000,0.000000,0.000000,0.000000,0,0.00
0.266000,-0.035,-0.069242,-0.069242,8.000,12.96,1.681111,0.069242,0.000000,0.000000,0.034,0.046,0.000000,0.000000,0.000000,0.000000,0.000000,0.000000,0,0.00
0.268000,-0.035,-0.069589,-0.069589,8.000,12.96,1.687489,0.069589,0.000000,0.000000,0.034,0.046,0.000000,0.000000,0.000000,0.000000,0.000000,0.000000,0,0.00
0.270000,-0.035,-0.069915,-0.069915,8.000,12.96,1.693740,0.069915,0.000000,0.000000,0.034,0.047,0.000000,0.000000,0.000000,0.000000,0.000000,0.000000,0,0.00
0.272000,-0.035,-0.070220,-0.070220,8.000,12.96,1.699865,0.070220,0.000000,0.000000,0.034,0.047,0.000000,0.000000,0.000000,0.000000,0.000000,0.000000,0,0.00
0.274000,-0.035,-0.070503,-0.070503,8.000,12.96,1.705868,0.070503,0.000000,0.000000,0.035,0.047,0.000000,0.000000,0.000000,0.000000,0.000000,0.000000,0,0.00
0.276000,-0.035,-0.070765,-0.070765,8.000,12.96,1.711751,0.070765,0.000000,0.000000,0.035,0.047,0.000000,0.000000,0.000000,0.000000,0.000000,0.000000,0,0.00
0.278000,-0.036,-0.071006,-0.071006,8.000,12.96,1.717516,0.071006,0.000000,0.000000,0.035,0.047,0.000000,0.000000,0.000000,0.000000,0.000000,0.000000,0,0.00
0.280000,-0.036,-0.071227,-0.071227,8.000,12.96,1.723166,0.071227,0.000000,0.000000,0.035,0.047,0.000000,0.000000,0.000000,0.000000,0.000000,0.000000,0,0.00
0.282000,-0.036,-0.071427,-0.071427,8.000,12.96,1.728703,0.071427,0.000000,0.000000,0.035,0.048,0.000000,0.000000,0.000000,0.000000,0.000000,0.000000,0,0.00
0.284000,-0.036,-0.071606,-0.071606,8.000,12.96,1.734129,0.071606,0.000000,0.000000,0.035,0.048,0.000000,0.000000,0.000000,0.000000,0.000000,0.000000,0,0.00
0.286000,-0.036,-0.071765,-0.071765,8.000,12.96,1.739446,0.071765,0.000000,0.000000,0.036,0.048,0.000000,0.000000,0.000000,0.000000,0.000000,0.000000,0,0.00
0.288000,-0.036,-0.071904,-0.071904,8.000,12.96,1.744658,0.071904,0.000000,0.000000,0.036,0.048,0.000000,0.000000,0.000000,0.000000,0.000000,0.000000,0,0.00
0.290000,-0.036,-0.072022,-0.072022,8.000,12.96,1.749765,0.072022,0.000000,0.000000,0.036,0.048,0.000000,0.000000,0.000000,0.000000,0.000000,0.000000,0,0.00
0.292000,-0.036,-0.072121,-0.072121,8.000,12.96,1.754769,0.072121,0.000000,0.000000,0.036,0.048,0.000000,0.000000,0.000000,0.000000,0.000000,0.000000,0,0.00
0.294000,-0.036,-0.072200,-0.072200,8.000,12.96,1.759674,0.072200,0.000000,0.000000,0.036,0.048,0.000000,0.000000,0.000000,0.000000,0.000000,0.000000,0,0.00
0.296000,-0.036,-0.072259,-0.072259,8.000,12.96,1.764481,0.072259,0.000000,0.000000,0.036,0.048,0.000000,0.000000,0.000000,0.000000,0.000000,0.000000,0,0.00
0.298000,-0.036,-0.072299,-0.072299,8.000,12.96,1.769192,0.072299,0.000000,0.000000,0.036,0.048,0.000000,0.000000,0.000000,0.000000,0.000000,0.000000,0,0.00
0.300000,-0.036,-0.072318,-0.072318,8.000,12.96,1.773808,0.072318,0.000000,0.000000,0.000,0.048,0.000000,0.000000,0.000000,0.000000,0.000000,0.000000,0,0.00
0.302000,-0.036,-0.072319,-0.072319,8.000,12.96,1.778332,0.072319,0.000000,0.000000,0.000,0.048,0.000000,0.000000,0.000000,0.000000,0.000000,0.000000,0,0.00
0.304000,-0.036,-0.072300,-0.072300,8.000,12.96,1.782765,0.072300,0.000000,0.000000,0.000,0.048,0.000000,0.000000,0.000000,0.000000,0.000000,0.000000,0,0.00
0.306000,-0.036,-0.072261,-0.072261,8.000,12.96,1.787110,0.072261,0.000000,0.000000,0.000,0.048,0.000000,0.000000,0.000000,0.000000,0.000000,0.000000,0,0.00
0.308000,-0.036,-0.072203,-0.072203,8.000,12.96,1.791368,0.072203,0.000000,0.000000,0.036,0.048,0.000000,0.000000,0.000000,0.000000,0.000000,0.000000,0,0.00
0.310000,-0.036,-0.072126,-0.072126,8.000,12.96,1.795541,0.072126,0.000000,-0.000000,0.036,0.048,0.000000,0.000000,0.000000,0.000000,0.000000,0.000000,0,0.00
0.312000,-0.036,-0.072030,-0.072030,8.000,12.96,1.799630,0.072030,0.000000,-0.000000,0.036,0.048,0.000000,0.000000,0.000000,0.000000,0.000000,0.000000,0,0.00
0.314000,-0.036,-0.071914,-0.071914,8.000,12.96,1.803638,0.071914,0.000000,-0.000000,0.036,0.048,0.000000,0.000000,0.000000,0.000000,0.000000,0.000000,0,0.00
0.316000,-0.036,-0.071779,-0.071779,8.000,12.96,1.807565,0.071779,0.000000,-0.000000,0.036,0.048,0.000000,0.000000,0.000000,0.000000,0.000000,0.000000,0,0.00
0.318000,-0.036,-0.071624,-0.071624,8.000,12.96,1.811414,0.071624,0.000000,-0.000000,0.036,0.048,0.000000,0.000000,0.000000,0.000000,0.000000,0.000000,0,0.00
0.320000,-0.036,-0.071451,-0.071451,8.000,12.96,1.815186,0.071451,0.000000,-0.000000,0.036,0.048,0.000000,0.000000,0.000000,0.000000,0.000000,0.000000,0,0.00
0.322000,-0.036,-0.071258,-0.071258,8.000,12.96,1.818882,0.071258,0.000000,-0.000000,0.036,0.048,0.000000,0.000000,0.000000,0.000000,0.000000,0.000000,0,0.00
0.324000,-0.036,-0.071045,-0.071045,8.000,12.96,1.822505,0.071045,0.000000,-0.000000,0.036,0.047,0.000000,0.000000,0.000000,0.000000,0.000000,0.000000,0,0.00
0.326000,-0.035,-0.070819,-0.070819,8.000,12.96,1.826357,0.070819,0.000000,-0.000000,0.036,0.047,0.000000,0.000000,0.000000,0.000000,0.000000,0.000000,0,0.00
0.328000,-0.035,-0.070579,-0.070579,8.000,12.96,1.830721,0.070579,0.000000,-0.000000,0.036,0.047,0.000000,0.000000,0.000000,0.000000,0.000000,0.000000,0,0.00
0.330000,-0.035,-0.070335,-0.070335,8.000,12.96,1.835640,0.070335,0.000000,-0.000000,0.036,0.047,0.000000,0.000000,0.000000,0.000000,0.000000,0.000000,0,0.00
0.332000,-0.035,-0.070093,-0.070093,8.000,12.96,1.841128,0.070093,0.000000,-0.000000,0.036,0.047,0.000000,0.000000,0.000000,0.000000,0.000000,0.000000,0,0.00
0.334000,-0.035,-0.069859,-0.069859,8.000,12.96,1.847187,0.069859,0.000000,-0.000000,0.035,0.047,0.000000,0.000000,0.000000,0.000000,0.000000,0.000000,0,0.00
0.336000,-0.035,-0.069637,-0.069637,8.000,12.96,1.853808,0.069637,0.000000,-0.000000,0.035,0.046,0.000000,0.000000,0.000000,0.000000,0.000000,0.000000,0,0.00
0.338000,-0.035,-0.069434,-0.069434,8.000,12.96,1.860976,0.069434,0.000000,-0.000000,0.035,0.046,0.000000,0.000000,0.000000,0.000000,0.000000,0.000000,0,0.00
0.340000,-0.035,-0.069247,-0.069247,8.000,12.96,1.868671,0.069247,0.000000,-0.000000,0.035,0.046,0.000000,0.000000,0.000000,0.000000,0.000000,0.000000,0,0.00
0.342000,-0.035,-0.069050,-0.069050,8.000,12.96,1.876874,0.069050,0.000000,-0.000000,0.035,0.046,0.000000,0.000000,0.000000,0.000000,0.000000,0.000000,0,0.00
0.344000,-0.034,-0.068845,-0.068845,8.000,12.96,1.885566,0.068845,0.000000,-0.000000,0.035,0.046,0.000000,0.000000,0.000000,0.000000,0.000000,0.000000,0,0.00
0.346000,-0.034,-0.068631,-0.068631,8.000,12.96,1.894723,0.068631,0.000000,-0.000000,0.035,0.046,0.000000,0.000000,0.000000,0.000000,0.000000,0.000000,0,0.00
0.348000,-0.034,-0.068411,-0.068411,8.000,12.96,1.904316,0.068411,0.000000,-0.000000,0.035,0.046,0.000000,0.000000,0.000000,0.000000,0.000000,0.000000,0,0.00
0.350000,-0.034,-0.068183,-0.068183,8.000,12.96,1.914313,0.068183,0.000000,-0.000000,0.035,0.045,0.000000,0.000000,0.000000,0.000000,0.000000,0.000000,0,0.00
0.352000,-0.034,-0.067944,-0.067944,8.000,12.96,1.924696,0.067944,0.000000,-0.000000,0.034,0.045,0.000000,0.000000,0.000000,0.000000,0.000000,0.000000,0,0.00
0.354000,-0.034,-0.067690,-0.067690,8.000,12.96,1.935465,0.067690,0.000000,-0.000000,0.034,0.045,0.000000,0.000000,0.000000,0.000000,0.000000,0.000000,0,0.00
0.356000,-0.034,-0.067421,-0.067421,8.000,12.96,1.946619,0.067421,0.000000,-0.000000,0.034,0.045,0.000000,0.000000,0.000000,0.000000,0.000000,0.000000,0,0.00
0.358000,-0.034,-0.067214,-0.067214,8.000,12.96,1.957859,0.067214,0.000000,-0.000000,0.034,0.045,0.000000,0.000000,0.000000,0.000000,0.000000,0.000000,0,0.00
0.360000,-0.034,-0.067086,-0.067086,8.000,12.96,1.969089,0.067086,0.000000,-0.000000,0.034,0.045,0.000000,0.000000,0.000000,0.000000,0.000000,0.000000,0,0.00
0.362000,-0.034,-0.067026,-0.067026,8.000,12.96,1.980295,0.067026,0.000000,-0.000000,0.034,0.045,0.000000,0.000000,0.000000,0.000000,0.000000,0.000000,0,0.00
0.364000,-0.034,-0.067026,-0.067026,8.000,12.96,1.991467,0.067026,0.000000,-0.000000,0.034,0.045,0.000000,0.000000,0.000000,0.000000,0.000000,0.000000,0,0.00
0.366000,-0.034,-0.067079,-0.067079,8.000,12.96,2.002597,0.067079,0.000000,-0.000000,0.034,0.045,0.000000,0.000000,0.000000,0.000000,0.000000,0.000000,0,0.00
0.368000,-0.034,-0.067175,-0.067175,8.000,12.96,2.013676,0.067175,0.000000,0.000000,0.034,0.045,0.000000,0.000000,0.000000,0.000000,0.000000,0.000000,0,0.00
0.370000,-0.034,-0.067309,-0.067309,8.000,12.96,2.024695,0.067309,0.000000,0.000000,0.034,0.045,0.000000,0.000000,0.000000,0.000000,0.000000,0.000000,0,0.00
0.372000,-0.034,-0.067474,-0.067474,8.000,12.96,2.035649,0.067474,0.000000,0.000000,0.034,0.045,0.000000,0.000000,0.000000,0.000000,0.000000,0.000000,0,0.00
0.374000,-0.034,-0.067664,-0.067664,8.000,12.96,2.046531,0.067664,0.000000,0.000000,0.034,0.045,0.000000,0.000000,0.000000,0.000000,0.000000,0.000000,0,0.00
0.376000,-0.034,-0.067875,-0.067875,8.000,12.96,2.057336,0.067875,0.000000,0.000000,0.034,0.045,0.000000,0.000000,0.000000,0.000000,0.000000,0.000000,0,0.00
0.378000,-0.034,-0.068104,-0.068104,8.000,12.96,2.068060,0.068104,0.000000,0.000000,0.034,0.045,0.000000,0.000000,0.000000,0.000000,0.000000,0.000000,0,0.00
0.380000,-0.034,-0.068349,-0.068349,8.000,12.96,2.078700,0.068349,0.000000,0.000000,0.034,0.046,0.000000,0.000000,0.000000,0.000000,0.000000,0.000000,0,0.00
0.382000,-0.034,-0.068606,-0.068606,8.000,12.96,2.089254,0.068606,0.000000,0.000000,0.034,0.046,0.000000,0.000000,0.000000,0.000000,0.000000,0.000000,0,0.00
0.384000,-0.034,-0.068876,-0.068876,8.000,12.96,2.099720,0.068876,0.000000,0.000000,0.034,0.046,0.000000,0.000000,0.000000,0.000000,0.000000,0.000000,0,0.00
0.386000,-0.035,-0.069158,-0.069158,8.000,12.96,2.110100,0.069158,0.000000,0.000000,0.034,0.046,0.000000,0.000000,0.000000,0.000000,0.000000,0.000000,0,0.00
0.388000,-0.035,-0.069453,-0.069453,8.000,12.96,2.120391,0.069453,0.000000,0.000000,0.034,0.046,0.000000,0.000000,0.000000,0.000000,0.000000,0.000000,0,0.00
0.390000,-0.035,-0.069762,-0.069762,8.000,12.96,2.130596,0.069762,0.000000,0.000000,0.034,0.047,0.000000,0.000000,0.000000,0.000000,0.000000,0.000000,0,0.00
0.392000,-0.035,-0.070087,-0.070087,8.000,12.96,2.140716,0.070087,0.000000,0.000000,0.034,0.047,0.000000,0.000000,0.000000,0.000000,0.000000,0.000000,0,0.00
0.394000,-0.035,-0.070428,-0.070428,8.000,12.96,2.150752,0.070428,0.000000,0.000000,0.035,0.047,0.000000,0.000000,0.000000,0.000000,0.000000,0.000000,0,0.00
0.396000,-0.035,-0.070790,-0.070790,8.000,12.96,2.160707,0.070790,0.000000,0.000000,0.035,0.047,0.000000,0.000000,0.000000,0.000000,0.000000,0.000000,0,0.00
0.398000,-0.036,-0.071174,-0.071174,8.000,12.96,2.170583,0.071174,0.000000,0.000000,0.035,0.047,0.000000,0.000000,0.000000,0.000000,0.000000,0.000000,0,0.00
0.400000,-0.036,-0.071582,-0.071582,8.000,12.96,2.180382,0.071582,0.000000,0.000000,0.000,0.048,0.000000,0.000000,0.000000,0.000000,0.000000,0.000000,0,0.00
0.402000,-0.036,-0.072019,-0.072019,8.000,12.96,2.190107,0.072019,0.000000,0.000000,0.000,0.048,0.000000,0.000000,0.000000,0.000000,0.000000,0.000000,0,0.00
0.404000,-0.036,-0.072487,-0.072487,8.000,12.96,2.199759,0.072487,0.000000,0.000000,0.000,0.048,0.000000,0.000000,0.000000,0.000000,0.000000,0.000000,0,0.00
0.406000,-0.036,-0.072989,-0.072989,8.000,12.96,2.209342,0.072989,0.000000,0.000000,0.000,0.049,0.000000,0.000000,0.000000,0.000000,0.000000,0.000000,0,0.00
0.408000,-0.037,-0.073527,-0.073527,8.000,12.96,2.218858,0.073527,0.000000,0.000000,0.036,0.049,0.000000,0.000000,0.000000,0.000000,0.000000,0.000000,0,0.00
0.410000,-0.037,-0.074105,-0.074105,8.000,12.96,2.228307,0.074105,0.000000,0.000000,0.036,0.049,0.000000,0.000000,0.000000,0.000000,0.000000,0.000000,0,0.00
0.412000,-0.037,-0.074725,-0.074725,8.000,12.96,2.237693,0.074725,0.000000,0.000000,0.036,0.050,0.000000,0.000000,0.000000,0.000000,0.000000,0.000000,0,0.00
0.414000,-0.038,-0.075390,-0.075390,8.000,12.96,2.247017,0.075390,0.000000,0.000000,0.036,0.050,0.000000,0.000000,0.000000,0.000000,0.000000,0.000000,0,0.00
0.416000,-0.038,-0.076115,-0.076115,8.000,12.96,2.256239,0.076115,0.000000,0.000000,0.037,0.051,0.000000,0.000000,0.000000,0.000000,0.000000,0.000000,0,0.00
0.418000,-0.038,-0.076852,-0.076852,8.000,12.96,2.265435,0.076852,0.000000,0.000000,0.037,0.051,0.000000,0.000000,0.000000,0.000000,0.000000,0.000000,0,0.00
0.420000,-0.039,-0.077585,-0.077585,8.000,12.96,2.274604,0.077585,0.000000,0.000000,0.037,0.052,0.000000,0.000000,0.000000,0.000000,0.000000,0.000000,0,0.00
0.422000,-0.039,-0.078304,-0.078304,8.000,12.96,2.283740,0.078304,0.000000,0.000000,0.038,0.052,0.000000,0.000000,0.000000,0.000000,0.000000,0.000000,0,0.00
0.424000,-0.039,-0.078996,-0.078996,8.000,12.96,2.292833,0.078996,0.000000,0.000000,0.038,0.053,0.000000,0.000000,0.000000,0.000000,0.000000,0.000000,0,0.00
0.426000,-0.040,-0.079650,-0.079650,8.000,12.96,2.301875,0.079650,0.000000,0.000000,0.038,0.053,0.000000,0.000000,0.000000,0.000000,0.000000,0.000000,0,0.00
0.428000,-0.040,-0.080254,-0.080254,8.000,12.96,2.310856,0.080254,0.000000,0.000000,0.039,0.054,0.000000,0.000000,0.000000,0.000000,0.000000,0.000000,0,0.00
0.430000,-0.040,-0.080798,-0.080798,8.000,12.96,2.319759,0.080798,0.000000,0.000000,0.039,0.054,0.000000,0.000000,0.000000,0.000000,0.000000,0.000000,0,0.00
0.432000,-0.041,-0.081284,-0.081284,8.000,12.96,2.328521,0.081284,0.000000,0.000000,0.039,0.054,0.000000,0.000000,0.000000,0.000000,0.000000,0.000000,0,0.00
0.434000,-0.041,-0.081712,-0.081712,8.000,12.96,2.337081,0.081712,0.000000,0.000000,0.040,0.054,0.000000,0.000000,0.000000,0.000000,0.000000,0.000000,0,0.00
0.436000,-0.041,-0.082087,-0.082087,8.000,12.96,2.345383,0.082087,0.000000,0.000000,0.040,0.055,0.000000,0.000000,0.000000,0.000000,0.000000,0.000000,0,0.00
0.438000,-0.041,-0.082417,-0.082417,8.000,12.96,2.353379,0.082417,0.000000,0.000000,0.040,0.055,0.000000,0.000000,0.000000,0.000000,0.000000,0.000000,0,0.00
0.440000,-0.041,-0.082704,-0.082704,8.000,12.96,2.361063,0.082704,0.000000,0.000000,0.041,0.055,0.000000,0.000000,0.000000,0.000000,0.000000,0.000000,0,0.00
0.442000,-0.041,-0.082950,-0.082950,8.000,12.96,2.368434,0.082950,0.000000,0.000000,0.041,0.055,0.000000,0.000000,0.000000,0.000000,0.000000,0.000000,0,0.00
0.444000,-0.042,-0.083154,-0.083154,8.000,12.96,2.375492,0.083154,0.000000,0.000000,0.041,0.055,0.000000,0.000000,0.000000,0.000000,0.000000,0.000000,0,0.00
0.446000,-0.042,-0.083319,-0.083319,8.000,12.96,2.382234,0.083319,0.000000,0.000000,0.041,0.056,0.000000,0.000000,0.000000,0.000000,0.000000,0.000000,0,0.00
0.448000,-0.042,-0.083444,-0.083444,8.000,12.96,2.388660,0.083444,0.000000,0.000000,0.041,0.056,0.000000,0.000000,0.000000,0.000000,0.000000,0.000000,0,0.00
0.450000,-0.042,-0.083531,-0.083531,8.000,12.96,2.394768,0.083531,0.000000,0.000000,0.041,0.056,0.000000,0.000000,0.000000,0.000000,0.000000,0.000000,0,0.00
0.452000,-0.042,-0.083582,-0.083582,8.000,12.96,2.400557,0.083582,0.000000,0.000000,0.042,0.056,0.000000,0.000000,0.000000,0.000000,0.000000,0.000000,0,0.00
0.454000,-0.042,-0.083596,-0.083596,8.000,12.96,2.406026,0.083596,0.000000,0.000000,0.042,0.056,0.000000,0.000000,0.000000,0.000000,0.000000,0.000000,0,0.00
0.456000,-0.042,-0.083575,-0.083575,8.000,12.96,2.411173,0.083575,0.000000,0.000000,0.042,0.056,0.000000,0.000000,0.000000,0.000000,0.000000,0.000000,0,0.00
0.458000,-0.042,-0.083521,-0.083521,8.000,12.96,2.415998,0.083521,0.000000,0.000000,0.042,0.056,0.000000,0.000000,0.000000,0.000000,0.000000,0.000000,0,0.00
0.460000,-0.042,-0.083433,-0.083433,8.000,12.96,2.420498,0.083433,0.000000,-0.000000,0.042,0.056,0.000000,0.000000,0.000000,0.000000,0.000000,0.000000,0,0.00
0.462000,-0.042,-0.083314,-0.083314,8.000,12.96,2.424674,0.083314,0.000000,-0.000000,0.042,0.056,0.000000,0.000000,0.000000,0.000000,0.000000,0.000000,0,0.00
0.464000,-0.042,-0.083164,-0.083164,8.000,12.96,2.428524,0.083164,0.000000,-0.000000,0.042,0.055,0.000000,0.000000,0.000000,0.000000,0.000000,0.000000,0,0.00
0.466000,-0.041,-0.082983,-0.082983,8.000,12.96,2.432048,0.082983,0.000000,-0.000000,0.042,0.055,0.000000,0.000000,0.000000,0.000000,0.000000,0.000000,0,0.00
0.468000,-0.041,-0.082773,-0.082773,8.000,12.96,2.435243,0.082773,0.000000,-0.000000,0.042,0.055,0.000000,0.000000,0.000000,0.000000,0.000000,0.000000,0,0.00
0.470000,-0.041,-0.082535,-0.082535,8.000,12.96,2.438111,0.082535,0.000000,-0.000000,0.042,0.055,0.000000,0.000000,0.000000,0.000000,0.000000,0.000000,0,0.00
0.472000,-0.041,-0.082268,-0.082268,8.000,12.96,2.440650,0.082268,0.000000,-0.000000,0.042,0.055,0.000000,0.000000,0.000000,0.000000,0.000000,0.000000,0,0.00
0.474000,-0.041,-0.081973,-0.081973,8.000,12.96,2.442860,0.081973,0.000000,-0.000000,0.041,0.055,0.000000,0.000000,0.000000,0.000000,0.000000,0.000000,0,0.00
0.476000,-0.041,-0.081651,-0.081651,8.000,12.96,2.444741,0.081651,0.000000,-0.000000,0.041,0.054,0.000000,0.000000,0.000000,0.000000,0.000000,0.000000,0,0.00
0.478000,-0.041,-0.081302,-0.081302,8.000,12.96,2.446291,0.081302,0.000000,-0.000000,0.041,0.054,0.000000,0.000000,0.000000,0.000000,0.000000,0.000000,0,0.00
0.480000,-0.040,-0.080926,-0.080926,8.000,12.96,2.447512,0.080926,0.000000,-0.000000,0.041,0.054,0.000000,0.000000,0.000000,0.000000,0.000000,0.000000,0,0.00
0.482000,-0.040,-0.080523,-0.080523,8.000,12.96,2.448403,0.080523,0.000000,-0.000000,0.041,0.054,0.000000,0.000000,0.000000,0.000000,0.000000,0.000000,0,0.00
0.484000,-0.040,-0.080094,-0.080094,8.000,12.96,2.448963,0.080094,0.000000,-0.000000,0.041,0.053,0.000000,0.000000,0.000000,0.000000,0.000000,0.000000,0,0.00
0.486000,-0.040,-0.079637,-0.079637,8.000,12.96,2.449193,0.079637,0.000000,-0.000000,0.041,0.053,0.000000,0.000000,0.000000,0.000000,0.000000,0.000000,0,0.00
0.488000,-0.040,-0.079127,-0.079127,8.000,12.96,2.449778,0.079127,0.000000,-0.000000,0.040,0.053,0.000000,0.000000,0.000000,0.000000,0.000000,0.000000,0,0.00
0.490000,-0.039,-0.078565,-0.078565,8.000,12.96,2.450794,0.078565,0.000000,-0.000000,0.040,0.052,0.000000,0.000000,0.000000,0.000000,0.000000,0.000000,0,0.00
0.492000,-0.039,-0.077960,-0.077960,8.000,12.96,2.452220,0.077960,0.000000,-0.000000,0.040,0.052,0.000000,0.000000,0.000000,0.000000,0.000000,0.000000,0,0.00
0.494000,-0.039,-0.077315,-0.077315,8.000,12.96,2.454119,0.077315,0.000000,-0.000000,0.040,0.052,0.000000,0.000000,0.000000,0.000000,0.000000,0.000000,0,0.00
0.496000,-0.038,-0.076630,-0.076630,8.000,12.96,2.456551,0.076630,0.000000,-0.000000,0.040,0.051,0.000000,0.000000,0.000000,0.000000,0.000000,0.000000,0,0.00
0.498000,-0.038,-0.075910,-0.075910,8.000,12.96,2.459563,0.075910,0.000000,-0.000000,0.039,0.051,0.000000,0.000000,0.000000,0.000000,0.000000,0.000000,0,0.00
0.500000,-0.038,-0.075160,-0.075160,8.000,12.96,2.463193,0.075160,0.000000,0.000000,0.000,0.050,0.000000,0.000000,0.000000,0.000000,0.000000,0.000000,0,0.00
0.502000,-0.037,-0.074388,-0.074388,8.000,12.96,2.467471,0.074388,0.000000,-0.000000,0.000,0.050,0.000000,0.000000,0.000000,0.000000,0.000000,0.000000,0,0.00
0.504000,-0.037,-0.073579,-0.073579,8.000,12.96,2.472418,0.073579,0.000000,-0.000000,0.000,0.049,0.000000,0.000000,0.000000,0.000000,0.000000,0.000000,0,0.00
0.506000,-0.036,-0.072733,-0.072733,8.000,12.96,2.478059,0.072733,0.000000,-0.000000,0.000,0.048,0.000000,0.000000,0.000000,0.000000,0.000000,0.000000,0,0.00
0.508000,-0.036,-0.071908,-0.071908,8.000,12.96,2.484088,0.071908,0.000000,-0.000000,0.038,0.048,0.000000,0.000000,0.000000,0.000000,0.000000,0.000000,0,0.00
0.510000,-0.036,-0.071179,-0.071179,8.000,12.96,2.490092,0.071179,0.000000,-0.000000,0.037,0.047,0.000000,0.000000,0.000000,0.000000,0.000000,0.000000,0,0.00
0.512000,-0.035,-0.070548,-0.070548,8.000,12.96,2.496055,0.070548,0.000000,-0.000000,0.037,0.047,0.000000,0.000000,0.000000,0.000000,0.000000,0.000000,0,0.00
0.514000,-0.035,-0.070014,-0.070014,8.000,12.96,2.501975,0.070014,0.000000,-0.000000,0.036,0.047,0.000000,0.000000,0.000000,0.000000,0.000000,0.000000,0,0.00
0.516000,-0.035,-0.069575,-0.069575,8.000,12.96,2.507849,0.069575,0.000000,-0.000000,0.036,0.046,0.000000,0.000000,0.000000,0.000000,0.000000,0.000000,0,0.00
0.518000,-0.035,-0.069228,-0.069228,8.000,12.96,2.513674,0.069228,0.000000,-0.000000,0.036,0.046,0.000000,0.000000,0.000000,0.000000,0.000000,0.000000,0,0.00
0.520000,-0.034,-0.068971,-0.068971,8.000,12.96,2.519448,0.068971,0.000000,-0.000000,0.035,0.046,0.000000,0.000000,0.000000,0.000000,0.000000,0.000000,0,0.00
0.522000,-0.034,-0.068800,-0.068800,8.000,12.96,2.525166,0.068800,0.000000,-0.000000,0.035,0.046,0.000000,0.000000,0.000000,0.000000,0.000000,0.000000,0,0.00
0.524000,-0.034,-0.068712,-0.068712,8.000,12.96,2.530824,0.068712,0.000000,-0.000000,0.035,0.046,0.000000,0.000000,0.000000,0.000000,0.000000,0.000000,0,0.00
0.526000,-0.034,-0.068704,-0.068704,8.000,12.96,2.536418,0.068704,0.000000,-0.000000,0.035,0.046,0.000000,0.000000,0.000000,0.000000,0.000000,0.000000,0,0.00
0.528000,-0.034,-0.068771,-0.068771,8.000,12.96,2.541945,0.068771,0.000000,-0.000000,0.034,0.046,0.000000,0.000000,0.000000,0.000000,0.000000,0.000000,0,0.00
0.530000,-0.034,-0.068912,-0.068912,8.000,12.96,2.547400,0.068912,0.000000,-0.000000,0.034,0.046,0.000000,0.000000,0.000000,0.000000,0.000000,0.000000,0,0.00
0.532000,-0.035,-0.069123,-0.069123,8.000,12.96,2.552781,0.069123,0.000000,0.000000,0.034,0.046,0.000000,0.000000,0.000000,0.000000,0.000000,0.000000,0,0.00
0.534000,-0.035,-0.069400,-0.069400,8.000,12.96,2.558083,0.069400,0.000000,0.000000,0.034,0.046,0.000000,0.000000,0.000000,0.000000,0.000000,0.000000,0,0.00
0.536000,-0.035,-0.069741,-0.069741,8.000,12.96,2.563303,0.069741,0.000000,0.000000,0.034,0.046,0.000000,0.000000,0.000000,0.000000,0.000000,0.000000,0,0.00
0.538000,-0.035,-0.070144,-0.070144,8.000,12.96,2.568439,0.070144,0.000000,0.000000,0.034,0.047,0.000000,0.000000,0.000000,0.000000,0.000000,0.000000,0,0.00
0.540000,-0.035,-0.070607,-0.070607,8.000,12.96,2.573489,0.070607,0.000000,0.000000,0.035,0.047,0.000000,0.000000,0.000000,0.000000,0.000000,0.000000,0,0.00
0.542000,-0.036,-0.071127,-0.071127,8.000,12.96,2.578450,0.071127,0.000000,0.000000,0.035,0.047,0.000000,0.000000,0.000000,0.000000,0.000000,0.000000,0,0.00
0.544000,-0.036,-0.071665,-0.071665,8.000,12.96,2.583405,0.071665,0.000000,0.000000,0.035,0.048,0.000000,0.000000,0.000000,0.000000,0.000000,0.000000,0,0.00
0.546000,-0.036,-0.072206,-0.072206,8.000,12.96,2.588362,0.072206,0.000000,0.000000,0.035,0.048,0.000000,0.000000,0.000000,0.000000,0.000000,0.000000,0,0.00
0.548000,-0.036,-0.072738,-0.072738,8.000,12.96,2.593329,0.072738,0.000000,0.000000,0.035,0.048,0.000000,0.000000,0.000000,0.000000,0.000000,0.000000,0,0.00
0.550000,-0.037,-0.073249,-0.073249,8.000,12.96,2.598309,0.073249,0.000000,0.000000,0.036,0.049,0.000000,0.000000,0.000000,0.000000,0.000000,0.000000,0,0.00
0.552000,-0.037,-0.073727,-0.073727,8.000,12.96,2.603306,0.073727,0.000000,0.000000,0.036,0.049,0.000000,0.000000,0.000000,0.000000,0.000000,0.000000,0,0.00
0.554000,-0.037,-0.074178,-0.074178,8.000,12.96,2.608279,0.074178,0.000000,0.000000,0.036,0.049,0.000000,0.000000,0.000000,0.000000,0.000000,0.000000,0,0.00
0.556000,-0.037,-0.074614,-0.074614,8.000,12.96,2.613169,0.074614,0.000000,0.000000,0.036,0.050,0.000000,0.000000,0.000000,0.000000,0.000000,0.000000,0,0.00
0.558000,-0.038,-0.075030,-0.075030,8.000,12.96,2.617967,0.075030,0.000000,0.000000,0.037,0.050,0.000000,0.000000,0.000000,0.000000,0.000000,0.000000,0,0.00
0.560000,-0.038,-0.075419,-0.075419,8.000,12.96,2.622668,0.075419,0.000000,0.000000,0.037,0.050,0.000000,0.000000,0.000000,0.000000,0.000000,0.000000,0,0.00
0.562000,-0.038,-0.075775,-0.075775,8.000,12.96,2.627270,0.075775,0.000000,0.000000,0.037,0.051,0.000000,0.000000,0.000000,0.000000,0.000000,0.000000,0,0.00
0.564000,-0.038,-0.076094,-0.076094,8.000,12.96,2.631767,0.076094,0.000000,0.000000,0.037,0.051,0.000000,0.000000,0.000000,0.000000,0.000000,0.000000,0,0.00
0.566000,-0.038,-0.076371,-0.076371,8.000,12.96,2.636158,0.076371,0.000000,0.000000,0.038,0.051,0.000000,0.000000,0.000000,0.000000,0.000000,0.000000,0,0.00
0.568000,-0.038,-0.076604,-0.076604,8.000,12.96,2.640439,0.076604,0.000000,0.000000,0.038,0.051,0.000000,0.000000,0.000000,0.000000,0.000000,0.000000,0,0.00
0.570000,-0.038,-0.076791,-0.076791,8.000,12.96,2.644606,0.076791,0.000000,0.000000,0.038,0.051,0.000000,0.000000,0.000000,0.000000,0.000000,0.000000,0,0.00
0.572000,-0.038,-0.076933,-0.076933,8.000,12.96,2.648644,0.076933,0.000000,0.000000,0.038,0.051,0.000000,0.000000,0.000000,0.000000,0.000000,0.000000,0,0.00
0.574000,-0.039,-0.077030,-0.077030,8.000,12.96,2.652550,0.077030,0.000000,0.000000,0.038,0.051,0.000000,0.000000,0.000000,0.000000,0.000000,0.000000,0,0.00
0.576000,-0.039,-0.077084,-0.077084,8.000,12.96,2.656326,0.077084,0.000000,0.000000,0.038,0.051,0.000000,0.000000,0.000000,0.000000,0.000000,0.000000,0,0.00
0.578000,-0.039,-0.077096,-0.077096,8.000,12.96,2.659979,0.077096,0.000000,0.000000,0.038,0.051,0.000000,0.000000,0.000000,0.000000,0.000000,0.000000,0,0.00
0.580000,-0.039,-0.077065,-0.077065,8.000,12.96,2.663527,0.077065,0.000000,0.000000,0.038,0.051,0.000000,0.000000,0.000000,0.000000,0.000000,0.000000,0,0.00
0.582000,-0.038,-0.076993,-0.076993,8.000,12.96,2.666987,0.076993,0.000000,0.000000,0.039,0.051,0.000000,0.000000,0.000000,0.000000,0.000000,0.000000,0,0.00
0.584000,-0.038,-0.076882,-0.076882,8.000,12.96,2.670382,0.076882,0.000000,-0.000000,0.039,0.051,0.000000,0.000000,0.000000,0.000000,0.000000,0.000000,0,0.00
0.586000,-0.038,-0.076741,-0.076741,8.000,12.96,2.673673,0.076741,0.000000,-0.000000,0.039,0.051,0.000000,0.000000,0.000000,0.000000,0.000000,0.000000,0,0.00
0.588000,-0.038,-0.076575,-0.076575,8.000,12.96,2.676863,0.076575,0.000000,-0.000000,0.039,0.051,0.000000,0.000000,0.000000,0.000000,0.000000,0.000000,0,0.00
0.590000,-0.038,-0.076390,-0.076390,8.000,12.96,2.679954,0.076390,0.000000,-0.000000,0.038,0.051,0.000000,0.000000,0.000000,0.000000,0.000000,0.000000,0,0.00
0.592000,-0.038,-0.076192,-0.076192,8.000,12.96,2.682950,0.076192,0.000000,-0.000000,0.038,0.051,0.000000,0.000000,0.000000,0.000000,0.000000,0.000000,0,0.00
0.594000,-0.038,-0.075987,-0.075987,8.000,12.96,2.685854,0.075987,0.000000,-0.000000,0.038,0.051,0.000000,0.000000,0.000000,0.000000,0.000000,0.000000,0,0.00
0.596000,-0.038,-0.075779,-0.075779,8.000,12.96,2.688672,0.075779,0.000000,-0.000000,0.038,0.051,0.000000,0.000000,0.000000,0.000000,0.000000,0.000000,0,0.00
0.598000,-0.038,-0.075576,-0.075576,8.000,12.96,2.691406,0.075576,0.000000,-0.000000,0.038,0.050,0.000000,0.000000,0.000000,0.000000,0.000000,0.000000,0,0.00
0.600000,-0.038,-0.075383,-0.075383,8.000,12.96,2.694061,0.075383,0.000000,0.000000,0.000,0.050,0.000000,0.000000,0.000000,0.000000,0.000000,0.000000,0,0.00
0.602000,-0.038,-0.075204,-0.075204,8.000,12.96,2.696641,0.075204,0.000000,-0.000000,0.000,0.050,0.000000,0.000000,0.000000,0.000000,0.000000,0.000000,0,0.00
0.604000,-0.038,-0.075045,-0.075045,8.000,12.96,2.699149,0.075045,0.000000,-0.000000,0.000,0.050,0.000000,0.000000,0.000000,0.000000,0.000000,0.000000,0,0.00
0.606000,-0.037,-0.074911,-0.074911,8.000,12.96,2.701588,0.074911,0.000000,-0.000000,0.000,0.050,0.000000,0.000000,0.000000,0.000000,0.000000,0.000000,0,0.00
0.608000,-0.037,-0.074805,-0.074805,8.000,12.96,2.703963,0.074805,0.000000,-0.000000,0.038,0.050,0.000000,0.000000,0.000000,0.000000,0.000000,0.000000,0,0.00
0.610000,-0.037,-0.074732,-0.074732,8.000,12.96,2.706275,0.074732,0.000000,-0.000000,0.038,0.050,0.000000,0.000000,0.000000,0.000000,0.000000,0.000000,0,0.00
0.612000,-0.037,-0.074693,-0.074693,8.000,12.96,2.708528,0.074693,0.000000,-0.000000,0.038,0.050,0.000000,0.000000,0.000000,0.000000,0.000000,0.000000,0,0.00
0.614000,-0.037,-0.074693,-0.074693,8.000,12.96,2.710724,0.074693,0.000000,-0.000000,0.037,0.050,0.000000,0.000000,0.000000,0.000000,0.000000,0.000000,0,0.00
0.616000,-0.037,-0.074732,-0.074732,8.000,12.96,2.712865,0.074732,0.000000,-0.000000,0.037,0.050,0.000000,0.000000,0.000000,0.000000,0.000000,0.000000,0,0.00
0.618000,-0.037,-0.074811,-0.074811,8.000,12.96,2.714952,0.074811,0.000000,-0.000000,0.037,0.050,0.000000,0.000000,0.000000,0.000000,0.000000,0.000000,0,0.00
0.620000,-0.037,-0.074933,-0.074933,8.000,12.96,2.716986,0.074933,0.000000,0.000000,0.037,0.050,0.000000,0.000000,0.000000,0.000000,0.000000,0.000000,0,0.00
0.622000,-0.038,-0.075097,-0.075097,8.000,12.96,2.718969,0.075097,0.000000,0.000000,0.037,0.050,0.000000,0.000000,0.000000,0.000000,0.000000,0.000000,0,0.00
0.624000,-0.038,-0.075302,-0.075302,8.000,12.96,2.720900,0.075302,0.000000,0.000000,0.037,0.050,0.000000,0.000000,0.000000,0.000000,0.000000,0.000000,0,0.00
0.626000,-0.038,-0.075549,-0.075549,8.000,12.96,2.722781,0.075549,0.000000,0.000000,0.037,0.050,0.000000,0.000000,0.000000,0.000000,0.000000,0.000000,0,0.00
0.628000,-0.038,-0.075836,-0.075836,8.000,12.96,2.724611,0.075836,0.000000,0.000000,0.037,0.051,0.000000,0.000000,0.000000,0.000000,0.000000,0.000000,0,0.00
0.630000,-0.038,-0.076163,-0.076163,8.000,12.96,2.726389,0.076163,0.000000,0.000000,0.038,0.051,0.000000,0.000000,0.000000,0.000000,0.000000,0.000000,0,0.00
0.632000,-0.038,-0.076526,-0.076526,8.000,12.96,2.728116,0.076526,0.000000,0.000000,0.038,0.051,0.000000,0.000000,0.000000,0.000000,0.000000,0.000000,0,0.00
0.634000,-0.038,-0.076925,-0.076925,8.000,12.96,2.729790,0.076925,0.000000,0.000000,0.038,0.051,0.000000,0.000000,0.000000,0.000000,0.000000,0.000000,0,0.00
0.636000,-0.039,-0.077357,-0.077357,8.000,12.96,2.731411,0.077357,0.000000,0.000000,0.038,0.052,0.000000,0.000000,0.000000,0.000000,0.000000,0.000000,0,0.00
0.638000,-0.039,-0.077821,-0.077821,8.000,12.96,2.732977,0.077821,0.000000,0.000000,0.038,0.052,0.000000,0.000000,0.000000,0.000000,0.000000,0.000000,0,0.00
0.640000,-0.039,-0.078313,-0.078313,8.000,12.96,2.734489,0.078313,0.000000,0.000000,0.038,0.052,0.000000,0.000000,0.000000,0.000000,0.000000,0.000000,0,0.00
0.642000,-0.039,-0.078832,-0.078832,8.000,12.96,2.735944,0.078832,0.000000,0.000000,0.038,0.053,0.000000,0.000000,0.000000,0.000000,0.000000,0.000000,0,0.00
0.644000,-0.040,-0.079376,-0.079376,8.000,12.96,2.737343,0.079376,0.000000,0.000000,0.039,0.053,0.000000,0.000000,0.000000,0.000000,0.000000,0.000000,0,0.00
0.646000,-0.040,-0.079942,-0.079942,8.000,12.96,2.738684,0.079942,0.000000,0.000000,0.039,0.053,0.000000,0.000000,0.000000,0.000000,0.000000,0.000000,0,0.00
0.648000,-0.040,-0.080528,-0.080528,8.000,12.96,2.739966,0.080528,0.000000,0.000000,0.039,0.054,0.000000,0.000000,0.000000,0.000000,0.000000,0.000000,0,0.00
0.650000,-0.041,-0.081132,-0.081132,8.000,12.96,2.741189,0.081132,0.000000,0.000000,0.039,0.054,0.000000,0.000000,0.000000,0.000000,0.000000,0.000000,0,0.00
0.652000,-0.041,-0.081753,-0.081753,8.000,12.96,2.742352,0.081753,0.000000,0.000000,0.040,0.055,0.000000,0.000000,0.000000,0.000000,0.000000,0.000000,0,0.00
0.654000,-0.041,-0.082390,-0.082390,8.000,12.96,2.743455,0.082390,0.000000,0.000000,0.040,0.055,0.000000,0.000000,0.000000,0.000000,0.000000,0.000000,0,0.00
0.656000,-0.042,-0.083040,-0.083040,8.000,12.96,2.744498,0.083040,0.000000,0.000000,0.040,0.055,0.000000,0.000000,0.000000,0.000000,0.000000,0.000000,0,0.00
0.658000,-0.042,-0.083703,-0.083703,8.000,12.96,2.745480,0.083703,0.000000,0.000000,0.041,0.056,0.000000,0.000000,0.000000,0.000000,0.000000,0.000000,0,0.00
0.660000,-0.042,-0.084379,-0.084379,8.000,12.96,2.746403,0.084379,0.000000,0.000000,0.041,0.056,0.000000,0.000000,0.000000,0.000000,0.000000,0.000000,0,0.00
0.662000,-0.043,-0.085066,-0.085066,8.000,12.96,2.747266,0.085066,0.000000,0.000000,0.041,0.057,0.000000,0.000000,0.000000,0.000000,0.000000,0.000000,0,0.00
0.664000,-0.043,-0.085764,-0.085764,8.000,12.96,2.748070,0.085764,0.000000,0.000000,0.042,0.057,0.000000,0.000000,0.000000,0.000000,0.000000,0.000000,0,0.00
0.666000,-0.043,-0.086473,-0.086473,8.000,12.96,2.748815,0.086473,0.000000,0.000000,0.042,0.058,0.000000,0.000000,0.000000,0.000000,0.000000,0.000000,0,0.00
0.668000,-0.044,-0.087194,-0.087194,8.000,12.96,2.749504,0.087194,0.000000,0.000000,0.042,0.058,0.000000,0.000000,0.000000,0.000000,0.000000,0.000000,0,0.00
0.670000,-0.044,-0.087927,-0.087927,8.000,12.96,2.750136,0.087927,0.000000,0.000000,0.043,0.059,0.000000,0.000000,0.000000,0.000000,0.000000,0.000000,0,0.00
0.672000,-0.044,-0.088673,-0.088673,8.000,12.96,2.750714,0.088673,0.000000,0.000000,0.043,0.059,0.000000,0.000000,0.000000,0.000000,0.000000,0.000000,0,0.00
0.674000,-0.045,-0.089431,-0.089431,8.000,12.96,2.751238,0.089431,0.000000,0.000000,0.043,0.060,0.000000,0.000000,0.000000,0.000000,0.000000,0.000000,0,0.00
0.676000,-0.045,-0.090204,-0.090204,8.000,12.96,2.751710,0.090204,0.000000,0.000000,0.044,0.060,0.000000,0.000000,0.000000,0.000000,0.000000,0.000000,0,0.00
0.678000,-0.045,-0.090991,-0.090991,8.000,12.96,2.752132,0.090991,0.000000,0.000000,0.044,0.061,0.000000,0.000000,0.000000,0.000000,0.000000,0.000000,0,0.00
0.680000,-0.046,-0.091795,-0.091795,8.000,12.96,2.752506,0.091795,0.000000,0.000000,0.044,0.061,0.000000,0.000000,0.000000,0.000000,0.000000,0.000000,0,0.00
0.682000,-0.046,-0.092617,-0.092617,8.000,12.96,2.752833,0.092617,0.000000,0.000000,0.045,0.062,0.000000,0.000000,0.000000,0.000000,0.000000,0.000000,0,0.00
0.684000,-0.047,-0.093457,-0.093457,8.000,12.96,2.753115,0.093457,0.000000,0.000000,0.045,0.062,0.000000,0.000000,0.000000,0.000000,0.000000,0.000000,0,0.00
0.686000,-0.047,-0.094317,-0.094317,8.000,12.96,2.753355,0.094317,0.000000,0.000000,0.045,0.063,0.000000,0.000000,0.000000,0.000000,0.000000,0.000000,0,0.00
0.688000,-0.048,-0.095199,-0.095199,8.000,12.96,2.753553,0.095199,0.000000,0.000000,0.046,0.063,0.000000,0.000000,0.000000,0.000000,0.000000,0.000000,0,0.00
0.690000,-0.048,-0.096103,-0.096103,8.000,12.96,2.753712,0.096103,0.000000,0.000000,0.046,0.064,0.000000,0.000000,0.000000,0.000000,0.000000,0.000000,0,0.00
0.692000,-0.049,-0.097032,-0.097032,8.000,12.96,2.753834,0.097032,0.000000,0.000000,0.047,0.065,0.000000,0.000000,0.000000,0.000000,0.000000,0.000000,0,0.00
0.694000,-0.049,-0.097986,-0.097986,8.000,12.96,2.753921,0.097986,0.000000,0.000000,0.047,0.065,0.000000,0.000000,0.000000,0.000000,0.000000,0.000000,0,0.00
0.696000,-0.049,-0.098966,-0.098966,8.000,12.96,2.753974,0.098966,0.000000,0.000000,0.048,0.066,0.000000,0.000000,0.000000,0.000000,0.000000,0.000000,0,0.00
0.698000,-0.050,-0.099973,-0.099973,8.000,12.96,2.753994,0.099973,0.000000,0.000000,0.048,0.067,0.000000,0.000000,0.000000,0.000000,0.000000,0.000000,0,0.00
0.700000,-0.051,-0.101010,-0.101010,8.000,12.96,2.753985,0.101010,0.000000,0.000000,0.000,0.067,0.000000,0.000000,0.000000,0.000000,0.000000,0.000000,0,0.00
0.702000,-0.051,-0.102075,-0.102075,8.000,12.96,2.753947,0.102075,0.000000,0.000000,0.000,0.068,0.000000,0.000000,0.000000,0.000000,0.000000,0.000000,0,0.00
0.704000,-0.052,-0.103172,-0.103172,8.000,12.96,2.753881,0.103172,0.000000,0.000000,0.000,0.069,0.000000,0.000000,0.000000,0.000000,0.000000,0.000000,0,0.00
0.706000,-0.052,-0.104299,-0.104299,8.000,12.96,2.753789,0.104299,0.000000,0.000000,0.000,0.070,0.000000,0.000000,0.000000,0.000000,0.000000,0.000000,0,0.00
0.708000,-0.053,-0.105458,-0.105458,8.000,12.96,2.753673,0.105458,0.000000,0.000000,0.051,0.070,0.000000,0.000000,0.000000,0.000000,0.000000,0.000000,0,0.00
0.710000,-0.053,-0.106650,-0.106650,8.000,12.96,2.753533,0.106650,0.000000,0.000000,0.051,0.071,0.000000,0.000000,0.000000,0.000000,0.000000,0.000000,0,0.00
0.712000,-0.054,-0.107874,-0.107874,8.000,12.96,2.753371,0.107874,0.000000,0.000000,0.052,0.072,0.000000,0.000000,0.000000,0.000000,0.000000,0.000000,0,0.00
0.714000,-0.055,-0.109132,-0.109132,8.000,12.96,2.753187,0.109132,0.000000,0.000000,0.052,0.073,0.000000,0.000000,0.000000,0.000000,0.000000,0.000000,0,0.00
0.716000,-0.055,-0.110423,-0.110423,8.000,12.96,2.752984,0.110423,0.000000,0.000000,0.053,0.074,0.000000,0.000000,0.000000,0.000000,0.000000,0.000000,0,0.00
0.718000,-0.056,-0.111749,-0.111749,8.000,12.96,2.752761,0.111749,0.000000,0.000000,0.053,0.074,0.000000,0.000000,0.000000,0.000000,0.000000,0.000000,0,0.00
0.720000,-0.057,-0.113108,-0.113108,8.000,12.96,2.752519,0.113108,0.000000,0.000000,0.054,0.075,0.000000,0.000000,0.000000,0.000000,0.000000,0.000000,0,0.00
0.722000,-0.057,-0.114502,-0.114502,8.000,12.96,2.752259,0.114502,0.000000,0.000000,0.055,0.076,0.000000,0.000000,0.000000,0.000000,0.000000,0.000000,0,0.00
0.724000,-0.058,-0.115930,-0.115930,8.000,12.96,2.751983,0.115930,0.000000,0.000000,0.055,0.077,0.000000,0.000000,0.000000,0.000000,0.000000,0.000000,0,0.00
0.726000,-0.059,-0.117392,-0.117392,8.000,12.96,2.751690,0.117392,0.000000,0.000000,0.056,0.078,0.000000,0.000000,0.000000,0.000000,0.000000,0.000000,0,0.00
0.728000,-0.059,-0.118889,-0.118889,8.000,12.96,2.751381,0.118889,0.000000,0.000000,0.057,0.079,0.000000,0.000000,0.000000,0.000000,0.000000,0.000000,0,0.00
0.730000,-0.060,-0.120421,-0.120421,8.000,12.96,2.751058,0.120421,0.000000,0.000000,0.057,0.080,0.000000,0.000000,0.000000,0.000000,0.000000,0.000000,0,0.00
0.732000,-0.061,-0.121987,-0.121987,8.000,12.96,2.750720,0.121987,0.000000,0.000000,0.058,0.081,0.000000,0.000000,0.000000,0.000000,0.000000,0.000000,0,0.00
0.734000,-0.062,-0.123588,-0.123588,8.000,12.96,2.750368,0.123588,0.000000,0.000000,0.059,0.082,0.000000,0.000000,0.000000,0.000000,0.000000,0.000000,0,0.00
0.736000,-0.063,-0.125223,-0.125223,8.000,12.96,2.750002,0.125223,0.000000,0.000000,0.059,0.083,0.000000,0.000000,0.000000,0.000000,0.000000,0.000000,0,0.00
0.738000,-0.063,-0.126893,-0.126893,8.000,12.96,2.749624,0.126893,0.000000,0.000000,0.060,0.085,0.000000,0.000000,0.000000,0.000000,0.000000,0.000000,0,0.00
0.740000,-0.064,-0.128598,-0.128598,8.000,12.96,2.749234,0.128598,0.000000,0.000000,0.061,0.086,0.000000,0.000000,0.000000,0.000000,0.000000,0.000000,0,0.00
0.742000,-0.065,-0.130339,-0.130339,8.000,12.96,2.748832,0.130339,0.000000,0.000000,0.062,0.087,0.000000,0.000000,0.000000,0.000000,0.000000,0.000000,0,0.00
0.744000,-0.066,-0.132114,-0.132114,8.000,12.96,2.748420,0.132114,0.000000,0.000000,0.063,0.088,0.000000,0.000000,0.000000,0.000000,0.000000,0.000000,0,0.00
0.746000,-0.067,-0.133925,-0.133925,8.000,12.96,2.747997,0.133925,0.000000,0.000000,0.063,0.089,0.000000,0.000000,0.000000,0.000000,0.000000,0.000000,0,0.00
0.748000,-0.068,-0.135772,-0.135772,8.000,12.96,2.747565,0.135772,0.000000,0.000000,0.064,0.091,0.000000,0.000000,0.000000,0.000000,0.000000,0.000000,0,0.00
0.750000,-0.069,-0.137655,-0.137655,8.000,12.96,2.747124,0.137655,0.000000,0.000000,0.065,0.092,0.000000,0.000000,0.000000,0.000000,0.000000,0.000000,0,0.00
0.752000,-0.070,-0.139574,-0.139574,8.000,12.96,2.746675,0.139574,0.000000,0.000000,0.066,0.093,0.000000,0.000000,0.000000,0.000000,0.000000,0.000000,0,0.00
0.754000,-0.071,-0.141531,-0.141531,8.000,12.96,2.746217,0.141531,0.000000,0.000000,0.067,0.094,0.000000,0.000000,0.000000,0.000000,0.000000,0.000000,0,0.00
0.756000,-0.072,-0.143525,-0.143525,8.000,12.96,2.745754,0.143525,0.000000,0.000000,0.068,0.096,0.000000,0.000000,0.000000,0.000000,0.000000,0.000000,0,0.00
0.758000,-0.073,-0.145558,-0.145558,8.000,12.96,2.745284,0.145558,0.000000,0.000000,0.069,0.097,0.000000,0.000000,0.000000,0.000000,0.000000,0.000000,0,0.00
0.760000,-0.074,-0.147628,-0.147628,8.000,12.96,2.744809,0.147628,0.000000,0.000000,0.070,0.098,0.000000,0.000000,0.000000,0.000000,0.000000,0.000000,0,0.00
0.762000,-0.075,-0.149739,-0.149739,8.000,12.96,2.744330,0.149739,0.000000,0.000000,0.071,0.100,0.000000,0.000000,0.000000,0.000000,0.000000,0.000000,0,0.00
0.764000,-0.076,-0.151889,-0.151889,8.000,12.96,2.743847,0.151889,0.000000,0.000000,0.072,0.101,0.000000,0.000000,0.000000,0.000000,0.000000,0.000000,0,0.00
0.766000,-0.077,-0.154080,-0.154080,8.000,12.96,2.743361,0.154080,0.000000,0.000000,0.073,0.103,0.000000,0.000000,0.000000,0.000000,0.000000,0.000000,0,0.00
0.768000,-0.078,-0.156313,-0.156313,8.000,12.96,2.742872,0.156313,0.000000,0.000000,0.074,0.104,0.000000,0.000000,0.000000,0.000000,0.000000,0.000000,0,0.00
0.770000,-0.079,-0.158588,-0.158588,8.000,12.96,2.742383,0.158588,0.000000,0.000000,0.075,0.106,0.000000,0.000000,0.000000,0.000000,0.000000,0.000000,0,0.00
0.772000,-0.080,-0.160907,-0.160907,8.000,12.96,2.741893,0.160907,0.000000,0.000000,0.076,0.107,0.000000,0.000000,0.000000,0.000000,0.000000,0.000000,0,0.00
0.774000,-0.082,-0.163269,-0.163269,8.000,12.96,2.741403,0.163269,0.000000,0.000000,0.077,0.109,0.000000,0.000000,0.000000,0.000000,0.000000,0.000000,0,0.00
0.776000,-0.083,-0.165676,-0.165676,8.000,12.96,2.740914,0.165676,0.000000,0.000000,0.078,0.110,0.000000,0.000000,0.000000,0.000000,0.000000,0.000000,0,0.00
0.778000,-0.084,-0.168129,-0.168129,8.000,12.96,2.740427,0.168129,0.000000,0.000000,0.079,0.112,0.000000,0.000000,0.000000,0.000000,0.000000,0.000000,0,0.00
0.780000,-0.085,-0.170629,-0.170629,8.000,12.96,2.739943,0.170629,0.000000,0.000000,0.080,0.114,0.000000,0.000000,0.000000,0.000000,0.000000,0.000000,0,0.00
0.782000,-0.087,-0.173177,-0.173177,8.000,12.96,2.739462,0.173177,0.000000,0.000000,0.082,0.115,0.000000,0.000000,0.000000,0.000000,0.000000,0.000000,0,0.00
0.784000,-0.088,-0.175773,-0.175773,8.000,12.96,2.738984,0.175773,0.000000,0.000000,0.083,0.117,0.000000,0.000000,0.000000,0.000000,0.000000,0.000000,0,0.00
0.786000,-0.089,-0.178419,-0.178419,8.000,12.96,2.738512,0.178419,0.000000,0.000000,0.084,0.119,0.000000,0.000000,0.000000,0.000000,0.000000,0.000000,0,0.00
0.788000,-0.091,-0.181116,-0.181116,8.000,12.96,2.738044,0.181116,0.000000,0.000000,0.085,0.121,0.000000,0.000000,0.000000,0.000000,0.000000,0.000000,0,0.00
0.790000,-0.092,-0.183864,-0.183864,8.000,12.96,2.737583,0.183864,0.000000,0.000000,0.087,0.123,0.000000,0.000000,0.000000,0.000000,0.000000,0.000000,0,0.00
0.792000,-0.093,-0.186665,-0.186665,8.000,12.96,2.737128,0.186665,0.000000,0.000000,0.088,0.124,0.000000,0.000000,0.000000,0.000000,0.000000,0.000000,0,0.00
0.794000,-0.095,-0.189519,-0.189519,8.000,12.96,2.736681,0.189519,0.000000,0.000000,0.089,0.126,0.000000,0.000000,0.000000,0.000000,0.000000,0.000000,0,0.00
0.796000,-0.096,-0.192428,-0.192428,8.000,12.96,2.736241,0.192428,0.000000,0.000000,0.091,0.128,0.000000,0.000000,0.000000,0.000000,0.000000,0.000000,0,0.00
0.798000,-0.098,-0.195393,-0.195393,8.000,12.96,2.735810,0.195393,0.000000,0.000000,0.092,0.130,0.000000,0.000000,0.000000,0.000000,0.000000,0.000000,0,0.00
0.800000,-0.099,-0.198415,-0.198415,8.000,12.96,2.735387,0.198415,0.000000,0.000000,0.000,0.132,0.000000,0.000000,0.000000,0.000000,0.000000,0.000000,0,0.00
0.802000,-0.101,-0.201495,-0.201495,8.000,12.96,2.734974,0.201495,0.000000,0.000000,0.000,0.134,0.000000,0.000000,0.000000,0.000000,0.000000,0.000000,0,0.00
0.804000,-0.102,-0.204634,-0.204634,8.000,12.96,2.734571,0.204634,0.000000,0.000000,0.000,0.136,0.000000,0.000000,0.000000,0.000000,0.000000,0.000000,0,0.00
0.806000,-0.104,-0.207833,-0.207833,8.000,12.96,2.734179,0.207833,0.000000,0.000000,0.000,0.139,0.000000,0.000000,0.000000,0.000000,0.000000,0.000000,0,0.00
0.808000,-0.106,-0.211094,-0.211094,8.000,12.96,2.733798,0.211094,0.000000,0.000000,0.099,0.141,0.000000,0.000000,0.000000,0.000000,0.000000,0.000000,0,0.00
0.810000,-0.107,-0.214417,-0.214417,8.000,12.96,2.733428,0.214417,0.000000,0.000000,0.101,0.143,0.000000,0.000000,0.000000,0.000000,0.000000,0.000000,0,0.00
0.812000,-0.109,-0.217804,-0.217804,8.000,12.96,2.733071,0.217804,0.000000,0.000000,0.102,0.145,0.000000,0.000000,0.000000,0.000000,0.000000,0.000000,0,0.00
0.814000,-0.111,-0.221256,-0.221256,8.000,12.96,2.732725,0.221256,0.000000,0.000000,0.104,0.148,0.000000,0.000000,0.000000,0.000000,0.000000,0.000000,0,0.00
0.816000,-0.112,-0.224774,-0.224774,8.000,12.96,2.732393,0.224774,0.000000,0.000000,0.106,0.150,0.000000,0.000000,0.000000,0.000000,0.000000,0.000000,0,0.00
0.818000,-0.114,-0.228360,-0.228360,8.000,12.96,2.732075,0.228360,0.000000,0.000000,0.107,0.152,0.000000,0.000000,0.000000,0.000000,0.000000,0.000000,0,0.00
0.820000,-0.116,-0.232014,-0.232014,8.000,12.96,2.731771,0.232014,0.000000,0.000000,0.109,0.155,0.000000,0.000000,0.000000,0.000000,0.000000,0.000000,0,0.00
0.822000,-0.118,-0.235735,-0.235735,8.000,12.96,2.731483,0.235735,0.000000,0.000000,0.111,0.157,0.000000,0.000000,0.000000,0.000000,0.000000,0.000000,0,0.00
0.824000,-0.120,-0.239526,-0.239526,8.000,12.96,2.731213,0.239526,0.000000,0.000000,0.112,0.160,0.000000,0.000000,0.000000,0.000000,0.000000,0.000000,0,0.00
0.826000,-0.122,-0.243386,-0.243386,8.000,12.96,2.730960,0.243386,0.000000,0.000000,0.114,0.162,0.000000,0.000000,0.000000,0.000000,0.000000,0.000000,0,0.00
0.828000,-0.124,-0.247316,-0.247316,8.000,12.96,2.730727,0.247316,0.000000,0.000000,0.116,0.165,0.000000,0.000000,0.000000,0.000000,0.000000,0.000000,0,0.00
0.830000,-0.126,-0.251316,-0.251316,8.000,12.96,2.730513,0.251316,0.000000,0.000000,0.118,0.168,0.000000,0.000000,0.000000,0.000000,0.000000,0.000000,0,0.00
0.832000,-0.128,-0.255389,-0.255389,8.000,12.96,2.730320,0.255389,0.000000,0.000000,0.120,0.170,0.000000,0.000000,0.000000,0.000000,0.000000,0.000000,0,0.00
0.834000,-0.130,-0.259533,-0.259533,8.000,12.96,2.730149,0.259533,0.000000,0.000000,0.122,0.173,0.000000,0.000000,0.000000,0.000000,0.000000,0.000000,0,0.00
0.836000,-0.132,-0.263752,-0.263752,8.000,12.96,2.730000,0.263752,0.000000,0.000000,0.124,0.176,0.000000,0.000000,0.000000,0.000000,0.000000,0.000000,0,0.00
0.838000,-0.134,-0.268045,-0.268045,8.000,12.96,2.729875,0.268045,0.000000,0.000000,0.126,0.179,0.000000,0.000000,0.000000,0.000000,0.000000,0.000000,0,0.00
0.840000,-0.136,-0.272414,-0.272414,8.000,12.96,2.729774,0.272414,0.000000,0.000000,0.128,0.182,0.000000,0.000000,0.000000,0.000000,0.000000,0.000000,0,0.00
0.842000,-0.138,-0.276859,-0.276859,8.000,12.96,2.729697,0.276859,0.000000,0.000000,0.130,0.185,0.000000,0.000000,0.000000,0.000000,0.000000,0.000000,0,0.00
0.844000,-0.141,-0.281382,-0.281382,8.000,12.96,2.729646,0.281382,0.000000,0.000000,0.132,0.188,0.000000,0.000000,0.000000,0.000000,0.000000,0.000000,0,0.00
0.846000,-0.143,-0.285985,-0.285985,8.000,12.96,2.729620,0.285985,0.000000,0.000000,0.134,0.191,0.000000,0.000000,0.000000,0.000000,0.000000,0.000000,0,0.00
0.848000,-0.145,-0.290667,-0.290667,8.000,12.96,2.729621,0.290667,0.000000,0.000000,0.136,0.194,0.000000,0.000000,0.000000,0.000000,0.000000,0.000000,0,0.00
0.850000,-0.148,-0.295432,-0.295432,8.000,12.96,2.729648,0.295432,0.000000,0.000000,0.138,0.197,0.000000,0.000000,0.000000,0.000000,0.000000,0.000000,0,0.00
0.852000,-0.150,-0.300000,-0.300000,8.000,12.96,2.729703,0.300279,0.000000,0.000000,0.141,0.200,0.000000,0.000000,0.000000,0.000000,0.000000,0.000000,0,0.00
0.854000,-0.153,-0.300000,-0.300000,8.000,12.96,2.729786,0.305210,0.000000,0.000000,0.143,0.200,0.000000,0.000000,0.000000,0.000000,0.000000,0.000000,0,0.00
0.856000,-0.155,-0.300000,-0.300000,8.000,12.96,2.729897,0.310227,0.000000,0.000000,0.145,0.200,0.000000,0.000000,0.000000,0.000000,0.000000,0.000000,0,0.00
0.858000,-0.158,-0.300000,-0.300000,8.000,12.96,2.730037,0.315330,0.000000,0.000000,0.148,0.200,0.000000,0.000000,0.000000,0.000000,0.000000,0.000000,0,0.00
0.860000,-0.160,-0.300000,-0.300000,8.000,12.96,2.730206,0.320522,0.000000,0.000000,0.150,0.200,0.000000,0.000000,0.000000,0.000000,0.000000,0.000000,0,0.00
0.862000,-0.163,-0.300000,-0.300000,8.000,12.96,2.730405,0.325799,0.000000,0.000000,0.153,0.200,0.000000,0.000000,0.000000,0.000000,0.000000,0.000000,0,0.00
0.864000,-0.166,-0.300000,-0.300000,8.000,12.96,2.730635,0.331162,0.000000,0.000000,0.155,0.200,0.000000,0.000000,0.000000,0.000000,0.000000,0.000000,0,0.00
0.866000,-0.168,-0.300000,-0.300000,8.000,12.96,2.730896,0.336615,0.000000,0.000000,0.158,0.200,0.000000,0.000000,0.000000,0.000000,0.000000,0.000000,0,0.00
0.868000,-0.171,-0.300000,-0.300000,8.000,12.96,2.731187,0.342166,0.000000,0.000000,0.160,0.200,0.000000,0.000000,0.000000,0.000000,0.000000,0.000000,0,0.00
0.870000,-0.174,-0.300000,-0.300000,8.000,12.96,2.731509,0.347815,0.000000,0.000000,0.163,0.200,0.000000,0.000000,0.000000,0.000000,0.000000,0.000000,0,0.00
0.872000,-0.177,-0.300000,-0.300000,8.000,12.96,2.731863,0.353565,0.000000,0.000000,0.166,0.200,0.000000,0.000000,0.000000,0.000000,0.000000,0.000000,0,0.00
0.874000,-0.180,-0.300000,-0.300000,8.000,12.96,2.732248,0.359416,0.000000,0.000000,0.168,0.200,0.000000,0.000000,0.000000,0.000000,0.000000,0.000000,0,0.00
0.876000,-0.183,-0.300000,-0.300000,8.000,12.96,2.732665,0.365365,0.000000,0.000000,0.171,0.200,0.000000,0.000000,0.000000,0.000000,0.000000,0.000000,0,0.00
0.878000,-0.186,-0.300000,-0.300000,8.000,12.96,2.733113,0.371413,0.000000,0.000000,0.174,0.200,0.000000,0.000000,0.000000,0.000000,0.000000,0.000000,0,0.00
0.880000,-0.189,-0.300000,-0.300000,8.000,12.96,2.733594,0.377570,0.000000,0.000000,0.177,0.200,0.000000,0.000000,0.000000,0.000000,0.000000,0.000000,0,0.00
0.882000,-0.192,-0.300000,-0.300000,8.000,12.96,2.734107,0.383838,0.000000,0.000000,0.180,0.200,0.000000,0.000000,0.000000,0.000000,0.000000,0.000000,0,0.00
0.884000,-0.195,-0.300000,-0.300000,8.000,12.96,2.734653,0.390211,0.000000,0.000000,0.183,0.200,0.000000,0.000000,0.000000,0.000000,0.000000,0.000000,0,0.00
0.886000,-0.198,-0.300000,-0.300000,8.000,12.96,2.735232,0.396693,0.000000,0.000000,0.186,0.200,0.000000,0.000000,0.000000,0.000000,0.000000,0.000000,0,0.00
0.888000,-0.202,-0.300000,-0.300000,8.000,12.96,2.735842,0.403294,0.000000,0.000000,0.189,0.200,0.000000,0.000000,0.000000,0.000000,0.000000,0.000000,0,0.00
0.890000,-0.205,-0.300000,-0.300000,8.000,12.96,2.736483,0.410008,0.000000,0.000000,0.192,0.200,0.000000,0.000000,0.000000,0.000000,0.000000,0.000000,0,0.00
0.892000,-0.208,-0.300000,-0.300000,8.000,12.96,2.737148,0.416849,0.000000,0.000000,0.195,0.200,0.000000,0.000000,0.000000,0.000000,0.000000,0.000000,0,0.00
0.894000,-0.212,-0.300000,-0.300000,8.000,12.96,2.737836,0.423818,0.000000,0.000000,0.198,0.200,0.000000,0.000000,0.000000,0.000000,0.000000,0.000000,0,0.00
0.896000,-0.215,-0.300000,-0.300000,8.000,12.96,2.738552,0.430914,0.000000,0.000000,0.202,0.200,0.000000,0.000000,0.000000,0.000000,0.000000,0.000000,0,0.00
0.898000,-0.219,-0.300000,-0.300000,8.000,12.96,2.739296,0.438141,0.000000,0.000000,0.205,0.200,0.000000,0.000000,0.000000,0.000000,0.000000,0.000000,0,0.00
0.900000,-0.223,-0.300000,-0.300000,8.000,12.96,2.740066,0.445511,0.000000,0.000000,0.000,0.200,0.000000,0.000000,0.000000,0.000000,0.000000,0.000000,0,0.00
0.902000,-0.227,-0.300000,-0.300000,8.000,12.96,2.740859,0.453029,0.000000,0.000000,0.000,0.200,0.000000,0.000000,0.000000,0.000000,0.000000,0.000000,0,0.00
0.904000,-0.230,-0.300000,-0.300000,8.000,12.96,2.741675,0.460698,0.000000,0.000000,0.000,0.200,0.000000,0.000000,0.000000,0.000000,0.000000,0.000000,0,0.00
0.906000,-0.234,-0.300000,-0.300000,8.000,12.96,2.742514,0.468525,0.000000,0.000000,0.000,0.200,0.000000,0.000000,0.000000,0.000000,0.000000,0.000000,0,0.00
0.908000,-0.238,-0.300000,-0.300000,8.000,12.96,2.743377,0.476514,0.000000,0.000000,0.223,0.200,0.000000,0.000000,0.000000,0.000000,0.000000,0.000000,0,0.00
0.910000,-0.242,-0.300000,-0.300000,8.000,12.96,2.744268,0.484663,0.000000,0.000000,0.227,0.200,0.000000,0.000000,0.000000,0.000000,0.000000,0.000000,0,0.00
0.912000,-0.246,-0.300000,-0.300000,8.000,12.96,2.745189,0.492980,0.000000,0.000000,0.230,0.200,0.000000,0.000000,0.000000,0.000000,0.000000,0.000000,0,0.00
0.914000,-0.251,-0.300000,-0.300000,8.000,12.96,2.746137,0.501477,0.000000,0.000000,0.234,0.200,0.000000,0.000000,0.000000,0.000000,0.000000,0.000000,0,0.00
0.916000,-0.255,-0.300000,-0.300000,8.000,12.96,2.747108,0.510160,0.000000,0.000000,0.238,0.200,0.000000,0.000000,0.000000,0.000000,0.000000,0.000000,0,0.00
0.918000,-0.260,-0.300000,-0.300000,8.000,12.96,2.748102,0.519036,0.000000,0.000000,0.242,0.200,0.000000,0.000000,0.000000,0.000000,0.000000,0.000000,0,0.00
0.920000,-0.264,-0.300000,-0.300000,8.000,12.96,2.749119,0.528110,0.000000,0.000000,0.246,0.200,0.000000,0.000000,0.000000,0.000000,0.000000,0.000000,0,0.00
0.922000,-0.269,-0.300000,-0.300000,8.000,12.96,2.750159,0.537391,0.000000,0.000000,0.251,0.200,0.000000,0.000000,0.000000,0.000000,0.000000,0.000000,0,0.00
0.924000,-0.273,-0.300000,-0.300000,8.000,12.96,2.751223,0.546885,0.000000,0.000000,0.255,0.200,0.000000,0.000000,0.000000,0.000000,0.000000,0.000000,0,0.00
0.926000,-0.278,-0.300000,-0.300000,8.000,12.96,2.752309,0.556600,0.000000,0.000000,0.260,0.200,0.000000,0.000000,0.000000,0.000000,0.000000,0.000000,0,0.00
0.928000,-0.283,-0.300000,-0.300000,8.000,12.96,2.753420,0.566544,0.000000,0.000000,0.264,0.200,0.000000,0.000000,0.000000,0.000000,0.000000,0.000000,0,0.00
0.930000,-0.288,-0.300000,-0.300000,8.000,12.96,2.754559,0.576718,0.000000,0.000000,0.269,0.200,0.000000,0.000000,0.000000,0.000000,0.000000,0.000000,0,0.00
0.932000,-0.294,-0.300000,-0.300000,8.000,12.96,2.755723,0.587139,0.000000,0.000000,0.273,0.200,0.000000,0.000000,0.000000,0.000000,0.000000,0.000000,0,0.00
0.934000,-0.299,-0.300000,-0.300000,8.000,12.96,2.756911,0.597817,0.000000,0.000000,0.278,0.200,0.000000,0.000000,0.000000,0.000000,0.000000,0.000000,0,0.00
0.936000,-0.304,-0.300000,-0.300000,8.000,12.96,2.758121,0.608759,0.000000,0.000000,0.283,0.200,0.000000,0.000000,0.000000,0.000000,0.000000,0.000000,0,0.00
0.938000,-0.310,-0.300000,-0.300000,8.000,12.96,2.759355,0.619978,0.000000,0.000000,0.288,0.200,0.000000,0.000000,0.000000,0.000000,0.000000,0.000000,0,0.00
0.940000,-0.316,-0.300000,-0.300000,8.000,12.96,2.760611,0.631482,0.000000,0.000000,0.294,0.200,0.000000,0.000000,0.000000,0.000000,0.000000,0.000000,0,0.00
0.942000,-0.322,-0.300000,-0.300000,8.000,12.96,2.761889,0.643284,0.000000,0.000000,0.299,0.200,0.000000,0.000000,0.000000,0.000000,0.000000,0.000000,0,0.00
0.944000,-0.328,-0.300000,-0.300000,8.000,12.96,2.763191,0.655394,0.000000,0.000000,0.304,0.200,0.000000,0.000000,0.000000,0.000000,0.000000,0.000000,0,0.00
0.946000,-0.334,-0.300000,-0.300000,8.000,12.96,2.764516,0.667825,0.000000,0.000000,0.310,0.200,0.000000,0.000000,0.000000,0.000000,0.000000,0.000000,0,0.00
0.948000,-0.340,-0.300000,-0.300000,8.000,12.96,2.765865,0.680591,0.000000,0.000000,0.316,0.200,0.000000,0.000000,0.000000,0.000000,0.000000,0.000000,0,0.00
0.950000,-0.347,-0.300000,-0.300000,8.000,12.96,2.767237,0.693703,0.000000,0.000000,0.322,0.200,0.000000,0.000000,0.000000,0.000000,0.000000,0.000000,0,0.00
0.952000,-0.354,-0.300000,-0.300000,8.000,12.96,2.768633,0.707177,0.000000,0.000000,0.328,0.200,0.000000,0.000000,0.000000,0.000000,0.000000,0.000000,0,0.00
0.954000,-0.361,-0.300000,-0.300000,8.000,12.96,2.770053,0.721028,0.000000,0.000000,0.334,0.200,0.000000,0.000000,0.000000,0.000000,0.000000,0.000000,0,0.00
0.956000,-0.368,-0.300000,-0.300000,8.000,12.96,2.771497,0.735271,0.000000,0.000000,0.340,0.200,0.000000,0.000000,0.000000,0.000000,0.000000,0.000000,0,0.00
0.958000,-0.375,-0.300000,-0.300000,8.000,12.96,2.772965,0.749923,0.000000,0.000000,0.347,0.200,0.000000,0.000000,0.000000,0.000000,0.000000,0.000000,0,0.00
0.960000,-0.383,-0.300000,-0.300000,8.000,12.96,2.774458,0.765001,0.000000,0.000000,0.354,0.200,0.000000,0.000000,0.000000,0.000000,0.000000,0.000000,0,0.00
0.962000,-0.390,-0.300000,-0.300000,8.000,12.96,2.775975,0.780523,0.000000,0.000000,0.361,0.200,0.000000,0.000000,0.000000,0.000000,0.000000,0.000000,0,0.00
0.964000,-0.398,-0.300000,-0.300000,8.000,12.96,2.777516,0.796510,0.000000,0.000000,0.368,0.200,0.000000,0.000000,0.000000,0.000000,0.000000,0.000000,0,0.00
0.966000,-0.406,-0.300000,-0.300000,8.000,12.96,2.779082,0.812981,0.000000,0.000000,0.375,0.200,0.000000,0.000000,0.000000,0.000000,0.000000,0.000000,0,0.00
0.968000,-0.415,-0.300000,-0.300000,8.000,12.96,2.780673,0.829958,0.000000,0.000000,0.383,0.200,0.000000,0.000000,0.000000,0.000000,0.000000,0.000000,0,0.00
0.970000,-0.424,-0.300000,-0.300000,8.000,12.96,2.782289,0.847464,0.000000,0.000000,0.390,0.200,0.000000,0.000000,0.000000,0.000000,0.000000,0.000000,0,0.00
0.972000,-0.433,-0.300000,-0.300000,8.000,12.96,2.783930,0.865523,0.000000,0.000000,0.398,0.200,0.000000,0.000000,0.000000,0.000000,0.000000,0.000000,0,0.00
0.974000,-0.442,-0.300000,-0.300000,8.000,12.96,2.785596,0.884160,0.000000,0.000000,0.406,0.200,0.000000,0.000000,0.000000,0.000000,0.000000,0.000000,0,0.00
0.976000,-0.452,-0.300000,-0.300000,8.000,12.96,2.787288,0.903403,0.000000,0.000000,0.415,0.200,0.000000,0.000000,0.000000,0.000000,0.000000,0.000000,0,0.00
0.978000,-0.462,-0.300000,-0.300000,8.000,12.96,2.789005,0.923279,0.000000,0.000000,0.424,0.200,0.000000,0.000000,0.000000,0.000000,0.000000,0.000000,0,0.00
0.980000,-0.472,-0.300000,-0.300000,8.000,12.96,2.790749,0.943820,0.000000,0.000000,0.433,0.200,0.000000,0.000000,0.000000,0.000000,0.000000,0.000000,0,0.00
0.982000,-0.483,-0.300000,-0.300000,8.000,12.96,2.792518,0.965056,0.000000,0.000000,0.442,0.200,0.000000,0.000000,0.000000,0.000000,0.000000,0.000000,0,0.00
0.984000,-0.494,-0.300000,-0.300000,8.000,12.96,2.794314,0.987022,0.000000,0.000000,0.452,0.200,0.000000,0.000000,0.000000,0.000000,0.000000,0.000000,0,0.00
0.986000,-0.505,-0.300000,-0.300000,8.000,12.96,2.796137,1.009754,0.000000,0.000000,0.462,0.200,0.000000,0.000000,0.000000,0.000000,0.000000,0.000000,0,0.00
0.988000,-0.517,-0.300000,-0.300000,8.000,12.96,2.797986,1.033289,0.000000,0.000000,0.472,0.200,0.000000,0.000000,0.000000,0.000000,0.000000,0.000000,0,0.00
0.990000,-0.529,-0.300000,-0.300000,8.000,12.96,2.799862,1.057668,0.000000,0.000000,0.483,0.200,0.000000,0.000000,0.000000,0.000000,0.000000,0.000000,0,0.00
0.992000,-0.541,-0.300000,-0.300000,8.000,12.96,2.801766,1.082933,0.000000,0.000000,0.494,0.200,0.000000,0.000000,0.000000,0.000000,0.000000,0.000000,0,0.00
0.994000,-0.555,-0.300000,-0.300000,8.000,12.96,2.803697,1.109129,0.000000,0.000000,0.505,0.200,0.000000,0.000000,0.000000,0.000000,0.000000,0.000000,0,0.00
0.996000,-0.568,-0.300000,-0.300000,8.000,12.96,2.805655,1.136306,0.000000,0.000000,0.517,0.200,0.000000,0.000000,0.000000,0.000000,0.000000,0.000000,0,0.00
0.998000,-0.582,-0.300000,-0.300000,8.000,12.96,2.807642,1.164513,0.000000,0.000000,0.529,0.200,0.000000,0.000000,0.000000,0.000000,0.000000,0.000000,0,0.00
1.000000,-0.597,-0.300000,-0.300000,8.000,12.96,2.809656,1.193804,0.000000,0.000000,0.000,0.200,0.000000,0.000000,0.000000,0.000000,0.000000,0.000000,0,0.00
1.002000,-0.612,-0.300000,-0.300000,8.000,12.96,2.811699,1.224237,0.000000,0.000000,0.000,0.200,0.000000,0.000000,0.000000,0.000000,0.000000,0.000000,0,0.00
1.004000,-0.628,-0.300000,-0.300000,8.000,12.96,2.813771,1.255873,0.000000,0.000000,0.000,0.200,0.000000,0.000000,0.000000,0.000000,0.000000,0.000000,0,0.00
1.006000,-0.644,-0.300000,-0.300000,8.000,12.96,2.815193,1.287052,0.000000,0.000000,0.000,0.200,0.000000,0.000000,0.000000,0.000000,0.000000,0.000000,0,0.00
1.008000,-0.659,-0.300000,-0.300000,8.000,12.96,2.816092,1.318363,0.000000,0.000000,0.597,0.200,0.000000,0.000000,0.000000,0.000000,0.000000,0.000000,0,0.00
1.010000,-0.675,-0.300000,-0.300000,8.000,12.96,2.816542,1.349984,0.000000,0.000000,0.612,0.200,0.000000,0.000000,0.000000,0.000000,0.000000,0.000000,0,0.00
1.012000,-0.691,-0.300000,-0.300000,8.000,12.96,2.816556,1.381941,0.000000,0.000000,0.628,0.200,0.000000,0.000000,0.000000,0.000000,0.000000,0.000000,0,0.00
1.014000,-0.707,-0.300000,-0.300000,8.000,12.96,2.816142,1.414255,0.000000,0.000000,0.644,0.200,0.000000,0.000000,0.000000,0.000000,0.000000,0.000000,0,0.00
1.016000,-0.723,-0.300000,-0.300000,8.000,12.96,2.815315,1.446961,0.000000,0.000000,0.659,0.200,0.000000,0.000000,0.000000,0.000000,0.000000,0.000000,0,0.00
1.018000,-0.740,-0.300000,-0.300000,8.000,12.96,2.814099,1.480113,0.000000,0.000000,0.675,0.200,0.000000,0.000000,0.000000,0.000000,0.000000,0.000000,0,0.00
1.020000,-0.757,-0.300000,-0.300000,8.000,12.96,2.812521,1.513777,0.000000,0.000000,0.691,0.200,0.000000,0.000000,0.000000,0.000000,0.000000,0.000000,0,0.00
1.022000,-0.772,-0.300000,-0.300000,8.000,12.96,2.810205,1.544017,0.000000,0.000000,0.707,0.200,0.000000,0.000000,0.000000,0.000000,0.000000,0.000000,0,0.00
1.024000,-0.786,-0.300000,-0.300000,8.000,12.96,2.807391,1.571145,0.000000,0.000000,0.723,0.200,0.000000,0.000000,0.000000,0.000000,0.000000,0.000000,0,0.00
1.026000,-0.798,-0.300000,-0.300000,8.000,12.96,2.804308,1.596265,0.000000,0.000000,0.740,0.200,0.000000,0.000000,0.000000,0.000000,0.000000,0.000000,0,0.00
1.028000,-0.810,-0.300000,-0.300000,8.000,12.96,2.801011,1.619868,0.000000,0.000000,0.757,0.200,0.000000,0.000000,0.000000,0.000000,0.000000,0.000000,0,0.00
1.030000,-0.821,-0.300000,-0.300000,8.000,12.96,2.797458,1.642614,0.000000,0.000000,0.772,0.200,0.000000,0.000000,0.000000,0.000000,0.000000,0.000000,0,0.00
1.032000,-0.833,-0.300000,-0.300000,8.000,12.96,2.793679,1.665258,0.000000,0.000000,0.786,0.200,0.000000,0.000000,0.000000,0.000000,0.000000,0.000000,0,0.00
1.034000,-0.844,-0.300000,-0.300000,8.000,12.96,2.789771,1.688588,0.000000,0.000000,0.798,0.200,0.000000,0.000000,0.000000,0.000000,0.000000,0.000000,0,0.00
1.036000,-0.857,-0.300000,-0.300000,8.000,12.96,2.785804,1.713446,0.000000,0.000000,0.810,0.200,0.000000,0.000000,0.000000,0.000000,0.000000,0.000000,0,0.00
1.038000,-0.870,-0.300000,-0.300000,8.000,12.96,2.781842,1.740574,0.000000,0.000000,0.821,0.200,0.000000,0.000000,0.000000,0.000000,0.000000,0.000000,0,0.00
1.040000,-0.885,-0.300000,-0.300000,8.000,12.96,2.777929,1.770593,0.000000,0.000000,0.833,0.200,0.000000,0.000000,0.000000,0.000000,0.000000,0.000000,0,0.00
1.042000,-0.902,-0.300000,-0.300000,8.000,12.96,2.774090,1.804285,0.000000,0.000000,0.844,0.200,0.000000,0.000000,0.000000,0.000000,0.000000,0.000000,0,0.00
1.044000,-0.921,-0.300000,-0.300000,8.000,12.96,2.770340,1.842538,0.000000,0.000000,0.857,0.200,0.000000,0.000000,0.000000,0.000000,0.000000,0.000000,0,0.00
1.046000,-0.943,-0.300000,-0.300000,8.000,12.96,2.766689,1.886483,0.000000,0.000000,0.870,0.200,0.000000,0.000000,0.000000,0.000000,0.000000,0.000000,0,0.00
1.048000,-0.969,-0.300000,-0.300000,8.000,12.96,2.763143,1.937509,0.000000,0.000000,0.885,0.200,0.000000,0.000000,0.000000,0.000000,0.000000,0.000000,0,0.00
1.050000,-0.999,-0.300000,-0.300000,8.000,12.96,2.759706,1.997348,0.000000,0.000000,0.902,0.200,0.000000,0.000000,0.000000,0.000000,0.000000,0.000000,0,0.00
1.052000,-1.008,-0.300000,-0.300000,8.000,12.96,2.756484,2.015397,0.000000,0.000000,0.921,0.200,0.000000,0.000000,0.000000,0.000000,0.000000,0.000000,0,0.00
1.054000,-1.010,-0.300000,-0.300000,8.000,12.96,2.753980,2.019160,0.000000,0.000000,0.943,0.200,0.000000,0.000000,0.000000,0.000000,0.000000,0.000000,0,0.00
1.056000,-1.006,-0.300000,-0.300000,8.000,12.96,2.752069,2.012229,0.000000,0.000000,0.969,0.200,0.000000,0.000000,0.000000,0.000000,0.000000,0.000000,0,0.00
1.058000,-0.999,-0.300000,-0.300000,8.000,12.96,2.750407,1.998194,0.000000,0.000000,0.999,0.200,0.000000,0.000000,0.000000,0.000000,0.000000,0.000000,0,0.00
1.060000,-0.990,-0.300000,-0.300000,8.000,12.96,2.748811,1.979287,0.000000,-0.000000,1.008,0.200,0.000000,0.000000,0.000000,0.000000,0.000000,0.000000,0,0.00
1.062000,-0.979,-0.300000,-0.300000,8.000,12.96,2.747278,1.957478,0.000000,-0.000000,1.010,0.200,0.000000,0.000000,0.000000,0.000000,0.000000,0.000000,0,0.00
1.064000,-0.967,-0.300000,-0.300000,8.000,12.96,2.745807,1.934333,0.000000,-0.000000,1.006,0.200,0.000000,0.000000,0.000000,0.000000,0.000000,0.000000,0,0.00
1.066000,-0.955,-0.300000,-0.300000,8.000,12.96,2.744392,1.910983,0.000000,-0.000000,0.999,0.200,0.000000,0.000000,0.000000,0.000000,0.000000,0.000000,0,0.00
1.068000,-0.944,-0.300000,-0.300000,8.000,12.96,2.743025,1.888170,0.000000,-0.000000,0.990,0.200,0.000000,0.000000,0.000000,0.000000,0.000000,0.000000,0,0.00
1.070000,-0.933,-0.300000,-0.300000,8.000,12.96,2.741700,1.865894,0.000000,-0.000000,0.979,0.200,0.000000,0.000000,0.000000,0.000000,0.000000,0.000000,0,0.00
1.072000,-0.922,-0.300000,-0.300000,8.000,12.96,2.740400,1.844100,0.000000,-0.000000,0.967,0.200,0.000000,0.000000,0.000000,0.000000,0.000000,0.000000,0,0.00
1.074000,-0.911,-0.300000,-0.300000,8.000,12.96,2.739125,1.822740,0.000000,-0.000000,0.955,0.200,0.000000,0.000000,0.000000,0.000000,0.000000,0.000000,0,0.00
1.076000,-0.901,-0.300000,-0.300000,8.000,12.96,2.737871,1.801786,0.000000,-0.000000,0.944,0.200,0.000000,0.000000,0.000000,0.000000,0.000000,0.000000,0,0.00
1.078000,-0.891,-0.300000,-0.300000,8.000,12.96,2.736638,1.781220,0.000000,-0.000000,0.933,0.200,0.000000,0.000000,0.000000,0.000000,0.000000,0.000000,0,0.00
1.080000,-0.881,-0.300000,-0.300000,8.000,12.96,2.735424,1.761038,0.000000,-0.000000,0.922,0.200,0.000000,0.000000,0.000000,0.000000,0.000000,0.000000,0,0.00
1.082000,-0.871,-0.300000,-0.300000,8.000,12.96,2.734231,1.741241,0.000000,-0.000000,0.911,0.200,0.000000,0.000000,0.000000,0.000000,0.000000,0.000000,0,0.00
1.084000,-0.861,-0.300000,-0.300000,8.000,12.96,2.733062,1.721834,0.000000,-0.000000,0.901,0.200,0.000000,0.000000,0.000000,0.000000,0.000000,0.000000,0,0.00
1.086000,-0.851,-0.300000,-0.300000,8.000,12.96,2.731917,1.702829,0.000000,-0.000000,0.891,0.200,0.000000,0.000000,0.000000,0.000000,0.000000,0.000000,0,0.00
1.088000,-0.842,-0.300000,-0.300000,8.000,12.96,2.730798,1.684236,0.000000,-0.000000,0.881,0.200,0.000000,0.000000,0.000000,0.000000,0.000000,0.000000,0,0.00
1.090000,-0.833,-0.300000,-0.300000,8.000,12.96,2.729709,1.666066,0.000000,-0.000000,0.871,0.200,0.000000,0.000000,0.000000,0.000000,0.000000,0.000000,0,0.00
1.092000,-0.824,-0.300000,-0.300000,8.000,12.96,2.728650,1.648329,0.000000,-0.000000,0.861,0.200,0.000000,0.000000,0.000000,0.000000,0.000000,0.000000,0,0.00
1.094000,-0.816,-0.300000,-0.300000,8.000,12.96,2.727624,1.631036,0.000000,-0.000000,0.851,0.200,0.000000,0.000000,0.000000,0.000000,0.000000,0.000000,0,0.00
1.096000,-0.807,-0.300000,-0.300000,8.000,12.96,2.726631,1.614193,0.000000,-0.000000,0.842,0.200,0.000000,0.000000,0.000000,0.000000,0.000000,0.000000,0,0.00
1.098000,-0.799,-0.300000,-0.300000,8.000,12.96,2.725675,1.597807,0.000000,-0.000000,0.833,0.200,0.000000,0.000000,0.000000,0.000000,0.000000,0.000000,0,0.00
1.100000,-0.791,-0.300000,-0.300000,8.000,12.96,2.724754,1.581881,0.000000,0.000000,0.000,0.200,0.000000,0.000000,0.000000,0.000000,0.000000,0.000000,0,0.00
1.102000,-0.783,-0.300000,-0.300000,8.000,12.96,2.723871,1.566417,0.000000,-0.000000,0.000,0.200,0.000000,0.000000,0.000000,0.000000,0.000000,0.000000,0,0.00
1.104000,-0.776,-0.300000,-0.300000,8.000,12.96,2.723026,1.551416,0.000000,-0.000000,0.000,0.200,0.000000,0.000000,0.000000,0.000000,0.000000,0.000000,0,0.00
1.106000,-0.768,-0.300000,-0.300000,8.000,12.96,2.722218,1.536877,0.000000,-0.000000,0.000,0.200,0.000000,0.000000,0.000000,0.000000,0.000000,0.000000,0,0.00
1.108000,-0.761,-0.300000,-0.300000,8.000,12.96,2.721449,1.522798,0.000000,-0.000000,0.791,0.200,0.000000,0.000000,0.000000,0.000000,0.000000,0.000000,0,0.00
1.110000,-0.755,-0.300000,-0.300000,8.000,12.96,2.720719,1.509176,0.000000,-0.000000,0.783,0.200,0.000000,0.000000,0.000000,0.000000,0.000000,0.000000,0,0.00
1.112000,-0.748,-0.300000,-0.300000,8.000,12.96,2.720027,1.496008,0.000000,-0.000000,0.776,0.200,0.000000,0.000000,0.000000,0.000000,0.000000,0.000000,0,0.00
1.114000,-0.742,-0.300000,-0.300000,8.000,12.96,2.719374,1.483288,0.000000,-0.000000,0.768,0.200,0.000000,0.000000,0.000000,0.000000,0.000000,0.000000,0,0.00
1.116000,-0.736,-0.300000,-0.300000,8.000,12.96,2.718759,1.471013,0.000000,-0.000000,0.761,0.200,0.000000,0.000000,0.000000,0.000000,0.000000,0.000000,0,0.00
1.118000,-0.730,-0.300000,-0.300000,8.000,12.96,2.718183,1.459177,0.000000,-0.000000,0.755,0.200,0.000000,0.000000,0.000000,0.000000,0.000000,0.000000,0,0.00
1.120000,-0.724,-0.300000,-0.300000,8.000,12.96,2.717644,1.447775,0.000000,-0.000000,0.748,0.200,0.000000,0.000000,0.000000,0.000000,0.000000,0.000000,0,0.00
1.122000,-0.718,-0.300000,-0.300000,8.000,12.96,2.717144,1.436803,0.000000,-0.000000,0.742,0.200,0.000000,0.000000,0.000000,0.000000,0.000000,0.000000,0,0.00
1.124000,-0.713,-0.300000,-0.300000,8.000,12.96,2.716681,1.426255,0.000000,-0.000000,0.736,0.200,0.000000,0.000000,0.000000,0.000000,0.000000,0.000000,0,0.00
1.126000,-0.708,-0.300000,-0.300000,8.000,12.96,2.716256,1.416127,0.000000,-0.000000,0.730,0.200,0.000000,0.000000,0.000000,0.000000,0.000000,0.000000,0,0.00
1.128000,-0.703,-0.300000,-0.300000,8.000,12.96,2.715869,1.406413,0.000000,-0.000000,0.724,0.200,0.000000,0.000000,0.000000,0.000000,0.000000,0.000000,0,0.00
1.130000,-0.699,-0.300000,-0.300000,8.000,12.96,2.715519,1.397110,0.000000,-0.000000,0.718,0.200,0.000000,0.000000,0.000000,0.000000,0.000000,0.000000,0,0.00
1.132000,-0.694,-0.300000,-0.300000,8.000,12.96,2.715207,1.388210,0.000000,-0.000000,0.713,0.200,0.000000,0.000000,0.000000,0.000000,0.000000,0.000000,0,0.00
1.134000,-0.690,-0.300000,-0.300000,8.000,12.96,2.714932,1.379709,0.000000,-0.000000,0.708,0.200,0.000000,0.000000,0.000000,0.000000,0.000000,0.000000,0,0.00
1.136000,-0.686,-0.300000,-0.300000,8.000,12.96,2.714695,1.371604,0.000000,-0.000000,0.703,0.200,0.000000,0.000000,0.000000,0.000000,0.000000,0.000000,0,0.00
1.138000,-0.682,-0.300000,-0.300000,8.000,12.96,2.714494,1.363891,0.000000,-0.000000,0.699,0.200,0.000000,0.000000,0.000000,0.000000,0.000000,0.000000,0,0.00
1.140000,-0.678,-0.300000,-0.300000,8.000,12.96,2.714332,1.356566,0.000000,-0.000000,0.694,0.200,0.000000,0.000000,0.000000,0.000000,0.000000,0.000000,0,0.00
1.142000,-0.675,-0.300000,-0.300000,8.000,12.96,2.714206,1.349625,0.000000,-0.000000,0.690,0.200,0.000000,0.000000,0.000000,0.000000,0.000000,0.000000,0,0.00
1.144000,-0.672,-0.300000,-0.300000,8.000,12.96,2.714118,1.343066,0.000000,-0.000000,0.686,0.200,0.000000,0.000000,0.000000,0.000000,0.000000,0.000000,0,0.00
1.146000,-0.668,-0.300000,-0.300000,8.000,12.96,2.714066,1.336884,0.000000,-0.000000,0.682,0.200,0.000000,0.000000,0.000000,0.000000,0.000000,0.000000,0,0.00
1.148000,-0.666,-0.300000,-0.300000,8.000,12.96,2.714052,1.331077,0.000000,-0.000000,0.678,0.200,0.000000,0.000000,0.000000,0.000000,0.000000,0.000000,0,0.00
1.150000,-0.663,-0.300000,-0.300000,8.000,12.96,2.714076,1.325642,0.000000,-0.000000,0.675,0.200,0.000000,0.000000,0.000000,0.000000,0.000000,0.000000,0,0.00
1.152000,-0.660,-0.300000,-0.300000,8.000,12.96,2.714136,1.320575,0.000000,-0.000000,0.672,0.200,0.000000,0.000000,0.000000,0.000000,0.000000,0.000000,0,0.00
1.154000,-0.658,-0.300000,-0.300000,8.000,12.96,2.714234,1.315874,0.000000,-0.000000,0.668,0.200,0.000000,0.000000,0.000000,0.000000,0.000000,0.000000,0,0.00
1.156000,-0.656,-0.300000,-0.300000,8.000,12.96,2.714369,1.311537,0.000000,-0.000000,0.666,0.200,0.000000,0.000000,0.000000,0.000000,0.000000,0.000000,0,0.00
1.158000,-0.654,-0.300000,-0.300000,8.000,12.96,2.714541,1.307561,0.000000,-0.000000,0.663,0.200,0.000000,0.000000,0.000000,0.000000,0.000000,0.000000,0,0.00
1.160000,-0.652,-0.300000,-0.300000,8.000,12.96,2.714750,1.303943,0.000000,-0.000000,0.660,0.200,0.000000,0.000000,0.000000,0.000000,0.000000,0.000000,0,0.00
1.162000,-0.650,-0.300000,-0.300000,8.000,12.96,2.714997,1.300681,0.000000,-0.000000,0.658,0.200,0.000000,0.000000,0.000000,0.000000,0.000000,0.000000,0,0.00
1.164000,-0.649,-0.300000,-0.300000,8.000,12.96,2.715280,1.297774,0.000000,-0.000000,0.656,0.200,0.000000,0.000000,0.000000,0.000000,0.000000,0.000000,0,0.00
1.166000,-0.648,-0.300000,-0.300000,8.000,12.96,2.715601,1.295219,0.000000,-0.000000,0.654,0.200,0.000000,0.000000,0.000000,0.000000,0.000000,0.000000,0,0.00
1.168000,-0.647,-0.300000,-0.300000,8.000,12.96,2.715959,1.293014,0.000000,-0.000000,0.652,0.200,0.000000,0.000000,0.000000,0.000000,0.000000,0.000000,0,0.00
1.170000,-0.646,-0.300000,-0.300000,8.000,12.96,2.716354,1.291158,0.000000,-0.000000,0.650,0.200,0.000000,0.000000,0.000000,0.000000,0.000000,0.000000,0,0.00
1.172000,-0.645,-0.300000,-0.300000,8.000,12.96,2.716787,1.289650,0.000000,-0.000000,0.649,0.200,0.000000,0.000000,0.000000,0.000000,0.000000,0.000000,0,0.00
1.174000,-0.644,-0.300000,-0.300000,8.000,12.96,2.717256,1.288488,0.000000,-0.000000,0.648,0.200,0.000000,0.000000,0.000000,0.000000,0.000000,0.000000,0,0.00
1.176000,-0.644,-0.300000,-0.300000,8.000,12.96,2.717763,1.287670,0.000000,-0.000000,0.647,0.200,0.000000,0.000000,0.000000,0.000000,0.000000,0.000000,0,0.00
1.178000,-0.644,-0.300000,-0.300000,8.000,12.96,2.718307,1.287197,0.000000,-0.000000,0.646,0.200,0.000000,0.000000,0.000000,0.000000,0.000000,0.000000,0,0.00
1.180000,-0.644,-0.300000,-0.300000,8.000,12.96,2.718888,1.287066,0.000000,-0.000000,0.645,0.200,0.000000,0.000000,0.000000,0.000000,0.000000,0.000000,0,0.00
1.182000,-0.644,-0.300000,-0.300000,8.000,12.96,2.719506,1.287278,0.000000,-0.000000,0.644,0.200,0.000000,0.000000,0.000000,0.000000,0.000000,0.000000,0,0.00
1.184000,-0.644,-0.300000,-0.300000,8.000,12.96,2.720161,1.287831,0.000000,-0.000000,0.644,0.200,0.000000,0.000000,0.000000,0.000000,0.000000,0.000000,0,0.00
1.186000,-0.644,-0.300000,-0.300000,8.000,12.96,2.720853,1.288725,0.000000,-0.000000,0.644,0.200,0.000000,0.000000,0.000000,0.000000,0.000000,0.000000,0,0.00
1.188000,-0.645,-0.300000,-0.300000,8.000,12.96,2.721583,1.289960,0.000000,0.000000,0.644,0.200,0.000000,0.000000,0.000000,0.000000,0.000000,0.000000,0,0.00
1.190000,-0.646,-0.300000,-0.300000,8.000,12.96,2.722349,1.291537,0.000000,0.000000,0.644,0.200,0.000000,0.000000,0.000000,0.000000,0.000000,0.000000,0,0.00
1.192000,-0.647,-0.300000,-0.300000,8.000,12.96,2.723153,1.293454,0.000000,0.000000,0.644,0.200,0.000000,0.000000,0.000000,0.000000,0.000000,0.000000,0,0.00
1.194000,-0.648,-0.300000,-0.300000,8.000,12.96,2.723994,1.295712,0.000000,0.000000,0.644,0.200,0.000000,0.000000,0.000000,0.000000,0.000000,0.000000,0,0.00
1.196000,-0.649,-0.300000,-0.300000,8.000,12.96,2.724872,1.298311,0.000000,0.000000,0.645,0.200,0.000000,0.000000,0.000000,0.000000,0.000000,0.000000,0,0.00
1.198000,-0.651,-0.300000,-0.300000,8.000,12.96,2.725787,1.301252,0.000000,0.000000,0.646,0.200,0.000000,0.000000,0.000000,0.000000,0.000000,0.000000,0,0.00
1.200000,-0.652,-0.300000,-0.300000,8.000,12.96,2.726739,1.304536,0.000000,0.000000,0.000,0.200,0.000000,0.000000,0.000000,0.000000,0.000000,0.000000,0,0.00
1.202000,-0.654,-0.300000,-0.300000,8.000,12.96,2.727728,1.308164,0.000000,0.000000,0.000,0.200,0.000000,0.000000,0.000000,0.000000,0.000000,0.000000,0,0.00
1.204000,-0.656,-0.300000,-0.300000,8.000,12.96,2.728755,1.312136,0.000000,0.000000,0.000,0.200,0.000000,0.000000,0.000000,0.000000,0.000000,0.000000,0,0.00
1.206000,-0.658,-0.300000,-0.300000,8.000,12.96,2.729818,1.316453,0.000000,0.000000,0.000,0.200,0.000000,0.000000,0.000000,0.000000,0.000000,0.000000,0,0.00
1.208000,-0.661,-0.300000,-0.300000,8.000,12.96,2.730919,1.321117,0.000000,0.000000,0.652,0.200,0.000000,0.000000,0.000000,0.000000,0.000000,0.000000,0,0.00
1.210000,-0.663,-0.300000,-0.300000,8.000,12.96,2.732057,1.326129,0.000000,0.000000,0.654,0.200,0.000000,0.000000,0.000000,0.000000,0.000000,0.000000,0,0.00
1.212000,-0.666,-0.300000,-0.300000,8.000,12.96,2.733232,1.331490,0.000000,0.000000,0.656,0.200,0.000000,0.000000,0.000000,0.000000,0.000000,0.000000,0,0.00
1.214000,-0.669,-0.300000,-0.300000,8.000,12.96,2.734443,1.337203,0.000000,0.000000,0.658,0.200,0.000000,0.000000,0.000000,0.000000,0.000000,0.000000,0,0.00
1.216000,-0.672,-0.300000,-0.300000,8.000,12.96,2.735692,1.343270,0.000000,0.000000,0.661,0.200,0.000000,0.000000,0.000000,0.000000,0.000000,0.000000,0,0.00
1.218000,-0.675,-0.300000,-0.300000,8.000,12.96,2.736978,1.349691,0.000000,0.000000,0.663,0.200,0.000000,0.000000,0.000000,0.000000,0.000000,0.000000,0,0.00
1.220000,-0.678,-0.300000,-0.300000,8.000,12.96,2.738302,1.356470,0.000000,0.000000,0.666,0.200,0.000000,0.000000,0.000000,0.000000,0.000000,0.000000,0,0.00
1.222000,-0.682,-0.300000,-0.300000,8.000,12.96,2.739662,1.363609,0.000000,0.000000,0.669,0.200,0.000000,0.000000,0.000000,0.000000,0.000000,0.000000,0,0.00
1.224000,-0.686,-0.300000,-0.300000,8.000,12.96,2.741059,1.371109,0.000000,0.000000,0.672,0.200,0.000000,0.000000,0.000000,0.000000,0.000000,0.000000,0,0.00
1.226000,-0.689,-0.300000,-0.300000,8.000,12.96,2.742493,1.378974,0.000000,0.000000,0.675,0.200,0.000000,0.000000,0.000000,0.000000,0.000000,0.000000,0,0.00
1.228000,-0.694,-0.300000,-0.300000,8.000,12.96,2.743964,1.387206,0.000000,0.000000,0.678,0.200,0.000000,0.000000,0.000000,0.000000,0.000000,0.000000,0,0.00
1.230000,-0.698,-0.300000,-0.300000,8.000,12.96,2.745473,1.395809,0.000000,0.000000,0.682,0.200,0.000000,0.000000,0.000000,0.000000,0.000000,0.000000,0,0.00
1.232000,-0.702,-0.300000,-0.300000,8.000,12.96,2.747018,1.404784,0.000000,0.000000,0.686,0.200,0.000000,0.000000,0.000000,0.000000,0.000000,0.000000,0,0.00
1.234000,-0.708,-0.300000,-0.300000,8.000,12.96,2.747406,1.415815,0.000000,0.000000,0.689,0.200,0.000000,0.000000,0.000000,0.000000,0.000000,0.000000,0,0.00
1.236000,-0.714,-0.300000,-0.300000,8.000,12.96,2.748230,1.427088,0.000000,0.000000,0.694,0.200,0.000000,0.000000,0.000000,0.000000,0.000000,0.000000,0,0.00
1.238000,-0.719,-0.300000,-0.300000,8.000,12.96,2.749387,1.438461,0.000000,0.000000,0.698,0.200,0.000000,0.000000,0.000000,0.000000,0.000000,0.000000,0,0.00
1.240000,-0.725,-0.300000,-0.300000,8.000,12.96,2.750818,1.449848,0.000000,0.000000,0.702,0.200,0.000000,0.000000,0.000000,0.000000,0.000000,0.000000,0,0.00
1.242000,-0.731,-0.300000,-0.300000,8.000,12.96,2.752474,1.461182,0.000000,0.000000,0.708,0.200,0.000000,0.000000,0.000000,0.000000,0.000000,0.000000,0,0.00
1.244000,-0.736,-0.300000,-0.300000,8.000,12.96,2.754301,1.472409,0.000000,0.000000,0.714,0.200,0.000000,0.000000,0.000000,0.000000,0.000000,0.000000,0,0.00
1.246000,-0.742,-0.300000,-0.300000,8.000,12.96,2.756232,1.483548,0.000000,0.000000,0.719,0.200,0.000000,0.000000,0.000000,0.000000,0.000000,0.000000,0,0.00
1.248000,-0.747,-0.300000,-0.300000,8.000,12.96,2.758217,1.494670,0.000000,0.000000,0.725,0.200,0.000000,0.000000,0.000000,0.000000,0.000000,0.000000,0,0.00
1.250000,-0.753,-0.300000,-0.300000,8.000,12.96,2.760243,1.505815,0.000000,0.000000,0.731,0.200,0.000000,0.000000,0.000000,0.000000,0.000000,0.000000,0,0.00
1.252000,-0.758,-0.300000,-0.300000,8.000,12.96,2.762302,1.516992,0.000000,0.000000,0.736,0.200,0.000000,0.000000,0.000000,0.000000,0.000000,0.000000,0,0.00
1.254000,-0.764,-0.300000,-0.300000,8.000,12.96,2.764385,1.528195,0.000000,0.000000,0.742,0.200,0.000000,0.000000,0.000000,0.000000,0.000000,0.000000,0,0.00
1.256000,-0.770,-0.300000,-0.300000,8.000,12.96,2.766489,1.539409,0.000000,0.000000,0.747,0.200,0.000000,0.000000,0.000000,0.000000,0.000000,0.000000,0,0.00
1.258000,-0.775,-0.300000,-0.300000,8.000,12.96,2.768609,1.550617,0.000000,0.000000,0.753,0.200,0.000000,0.000000,0.000000,0.000000,0.000000,0.000000,0,0.00
1.260000,-0.781,-0.300000,-0.300000,8.000,12.96,2.770744,1.561804,0.000000,0.000000,0.758,0.200,0.000000,0.000000,0.000000,0.000000,0.000000,0.000000,0,0.00
1.262000,-0.786,-0.300000,-0.300000,8.000,12.96,2.772893,1.572958,0.000000,0.000000,0.764,0.200,0.000000,0.000000,0.000000,0.000000,0.000000,0.000000,0,0.00
# Log beendet. Einträge: 631
